WellAlias,OperatorID,ProspectID,BlockID,BlockName
15-2-RD-E-25P,JVPC,P110,CL12,15-2
09-2-CNV-5PST2,HOAN_VU_JOC,P51,CL6,09-2
SNS-5AP,CUU_LONG_JOC,P249,CL9,15-1
09-2-CNV-2P_RE_,HOAN_VU_JOC,P51,CL6,09-2
09-2-CNV-2P,HOAN_VU_JOC,P51,CL6,09-2
09-2-CNV-1PST1,HOAN_VU_JOC,P51,CL6,09-2
RP3-R317,VSP,P33,CL41,
RP3-R318,VSP,P33,CL41,
BK10-10002BT,VSP,P227,CL5,09-1
MSP-4-40BT,VSP,P227,CL5,09-1
BK7-7009BT,VSP,P227,CL5,09-1
BK10-10001BT,VSP,P227,CL5,09-1
BK7-7008BT,VSP,P227,CL5,09-1
SNN-4P,CUU_LONG_JOC,P245,CL9,15-1
02/97-DD-1X,LAM_SON_JOC,P28,CL2,02/97
02/97-TL-2X,LAM_SON_JOC,P30,CL2,02/97
Moonstone-1X,PCVL,P8,CL39,
01-Diamond-3X,PCVL,P6,CL39,
JADE-2X,PCVL,P26,CL40,
Moonstone-1X,PCVL,P8,CL39,
09-3-DM-3X,VRJ,P228,CL8,09-3
01-RBB-9P,PCVL,P10,CL39,
RP3-R316,VSP,P33,CL41,
09-2-CNV-1P,HOAN_VU_JOC,P51,CL6,09-2
15-2-RD-20X,JVPC,P110,CL12,15-2
09-2-COD-2X,HOAN_VU_JOC,P50,CL6,09-2
RP3-R314,VSP,P33,CL41,
BK7-7007BT,VSP,P227,CL5,09-1
RP3-R309,VSP,P33,CL41,
RP3-R313,VSP,P33,CL41,
RP3-R311,VSP,P33,CL41,
BK7-7010BT,VSP,P227,CL5,09-1
BK5-5001BT,VSP,P227,CL5,09-1
MSP-8-817BT,VSP,P227,CL5,09-1
MSP-11-1120BT,VSP,P227,CL5,09-1
SVNE-3XP,CUU_LONG_JOC,P246,CL9,15-1
01/97-HX-1X,LAM_SON_JOC,P16,CL1,01/97
09-3-DM-2X,VRJ,P228,CL8,09-3
BH-23,VSP,P227,CL5,09-1
09-2-CNV-4XST,HOAN_VU_JOC,P51,CL6,09-2
01-RBB-8P,PCVL,P10,CL39,
01-RB-14XPST2,PCVL,P10,CL39,
09-2-CNV-4X,HOAN_VU_JOC,P51,CL6,09-2
01-Diamond-2X,PCVL,P6,CL39,
15-1-SD-21P,CUU_LONG_JOC,P87,CL9,15-1
01-RBB-7P,PCVL,P10,CL39,
15-2-RD-19X,JVPC,P110,CL12,15-2
15-1-SD-20P,CUU_LONG_JOC,P87,CL9,15-1
01-RBB-5P,PCVL,P10,CL39,
15-1-SD-19P,CUU_LONG_JOC,P87,CL9,15-1
15-1-SD-17P,CUU_LONG_JOC,P87,CL9,15-1
RONG-20,VSP,P33,CL41,
15-1-SD-18P,CUU_LONG_JOC,P87,CL9,15-1
RP3-R315,VSP,P33,CL41,
RP3-R304,VSP,P33,CL41,
RP3-R312,VSP,P33,CL41,
RP3-R307,VSP,P33,CL41,
15-2-RD-N-05I,JVPC,P110,CL12,15-2
RP3-R310,VSP,P33,CL41,
BK12-12001BT,VSP,P227,CL5,09-1
MSP-12-1202BT,VSP,P227,CL5,09-1
BK11-11002BT,VSP,P227,CL5,09-1
MSP-7-711BT,VSP,P227,CL5,09-1
MSP-10-1021BT,VSP,P227,CL5,09-1
MSP-4-92BT,VSP,P227,CL5,09-1
BK7-7005BT,VSP,P227,CL5,09-1
01-TN-3XST,PCVL,P13,CL39,
MSP-12-1201BT,VSP,P227,CL5,09-1
15-2-RD-C-04I,JVPC,P110,CL12,15-2
01-TN-3X,PCVL,P13,CL39,
BK7-7006BT,VSP,P227,CL5,09-1
01-RBB-4P_WO_,PCVL,P10,CL39,
01-RBB-3P,PCVL,P10,CL39,
01-RBB-1P,PCVL,P10,CL39,
01-RBB-2P,PCVL,P10,CL39,
15-2-RD-E-10P,JVPC,P110,CL12,15-2
15-2-PD-3X_PD-1P_,JVPC,P109,CL12,15-2
16-1-TGT-1X,HOANG_LONG_JOC,P130,CL16,16-1
09-2-CNV-3X,HOAN_VU_JOC,P51,CL6,09-2
15-2-RD-21X,JVPC,P110,CL12,15-2
15-1-ST-2X,CUU_LONG_JOC,P89,CL9,15-1
15-2-RD-E-03I,JVPC,P110,CL12,15-2
15-1-SV-5X,CUU_LONG_JOC,P90,CL9,15-1
15-2-RD-E-03IRD,JVPC,P110,CL12,15-2
15-1-SD-14PST,CUU_LONG_JOC,P87,CL9,15-1
15-1-SD-13I,CUU_LONG_JOC,P87,CL9,15-1
15-1-SN-1X,CUU_LONG_JOC,P88,CL9,15-1
15-1-SD-16I,CUU_LONG_JOC,P87,CL9,15-1
RP3-308,VSP,P33,CL41,
15-1-SD-AX(5X_,CUU_LONG_JOC,P87,CL9,15-1
15-2-DD-1X,JVPC,P107,CL12,15-2
15-1-SD-6X,CUU_LONG_JOC,P87,CL9,15-1
15-1-SD-12IST,CUU_LONG_JOC,P87,CL9,15-1
RP-1-119,VSP,P33,CL41,
RONG-23,VSP,P33,CL41,
RP3-306,VSP,P33,CL41,
RP3-301,VSP,P33,CL41,
BK7-7004,VSP,P227,CL5,09-1
BK9-9007BT,VSP,P227,CL5,09-1
MSP-9-925BT,VSP,P227,CL5,09-1
RP-1-118,VSP,P33,CL41,
15-2-RD-E-04I,JVPC,P110,CL12,15-2
BK7-7003BT,VSP,P227,CL5,09-1
MSP-7-707,VSP,P227,CL5,09-1
MSP-11-1118BT,VSP,P227,CL5,09-1
MSP-11-1119,VSP,P227,CL5,09-1
MSP-7-710BT,VSP,P227,CL5,09-1
MSP-7-709BT,VSP,P227,CL5,09-1
MSP2-2002,VSP,P227,CL5,09-1
MSP-10-1020BT,VSP,P227,CL5,09-1
02/97-TL-1X,LAM_SON_JOC,P30,CL2,02/97
09-3-DM-1X,VRJ,P228,CL8,09-3
TGT-29P,HOANG_LONG_JOC,P130,CL16,16-1
15-2-RD-N-03IST,JVPC,P110,CL12,15-2
01-EM-3X,PCVL,P7,CL39,
01-TN-2X,PCVL,P13,CL39,
15-2-PD-2X,JVPC,P109,CL12,15-2
15-2-RD-16X_S-02I_,JVPC,P110,CL12,15-2
16-2-BV-1X,CONOCO,P229,CL18,16-2
01-AZ-1X,PCVL,P5,CL39,
15-1-SV-3X,CUU_LONG_JOC,P90,CL9,15-1
15-1-SV-4X,CUU_LONG_JOC,P90,CL9,15-1
15-2-RD-E-08P,JVPC,P110,CL12,15-2
15-2-RD-N-6PST,JVPC,P110,CL12,15-2
DN-1X,PHU_QUOC_POC,P143,CL18,16-2
15-1-SD-8I,CUU_LONG_JOC,P87,CL9,15-1
15-1-SD-11P,CUU_LONG_JOC,P87,CL9,15-1
15-1-SD-9I,CUU_LONG_JOC,P87,CL9,15-1
15-1-SD-9IST,CUU_LONG_JOC,P87,CL9,15-1
RP3-303,VSP,P33,CL41,
RP1-3001,VSP,P33,CL41,
MSP-11-1117,VSP,P227,CL5,09-1
MSP-10-1019,VSP,P227,CL5,09-1
BK7-7002,VSP,P227,CL5,09-1
BK9-9005,VSP,P227,CL5,09-1
15-2-RD-C-10P,JVPC,P110,CL12,15-2
BK7-7001,VSP,P227,CL5,09-1
BK9-9004,VSP,P227,CL5,09-1
BK7-11,VSP,P33,CL41,
MSP-11-1116,VSP,P227,CL5,09-1
MSP-10-1018,VSP,P227,CL5,09-1
MSP-7-706,VSP,P227,CL5,09-1
09-3-SOI-2X,VRJ,P57,CL8,09-3
16-1-VT-2X,HOANG_LONG_JOC,P134,CL16,16-1
09-2-CNV-2XST,HOAN_VU_JOC,P51,CL6,09-2
09-2-CNV-2XA,HOAN_VU_JOC,P51,CL6,09-2
15-2-RD-C-02I,JVPC,P110,CL12,15-2
15-1-SD-6P&ST,CUU_LONG_JOC,P87,CL9,15-1
09-2-COD-1X,HOAN_VU_JOC,P50,CL6,09-2
15-1-SD-7P,CUU_LONG_JOC,P87,CL9,15-1
16-1-VV-1X,HOANG_LONG_JOC,P135,CL16,16-1
15-1-SD-2P,CUU_LONG_JOC,P87,CL9,15-1
15-1-SD-5P,CUU_LONG_JOC,P87,CL9,15-1
15-1-SD-4P,CUU_LONG_JOC,P87,CL9,15-1
15-1-SD-3P,CUU_LONG_JOC,P87,CL9,15-1
15-1-SD-1P,CUU_LONG_JOC,P87,CL9,15-1
15-2-RD-15X_C-02P_,JVPC,P110,CL12,15-2
15-2-RD-C-08P,JVPC,P110,CL12,15-2
15-1-ST-1X,CUU_LONG_JOC,P89,CL9,15-1
15-2-RD-14X_E-09P_,JVPC,P110,CL12,15-2
RP-1-117,VSP,P33,CL41,
15-2-RD-S-01I,JVPC,P110,CL12,15-2
15-2-RD-E-02I,JVPC,P110,CL12,15-2
15-2-RD-E-01I,JVPC,P110,CL12,15-2
BK9-9003,VSP,P227,CL5,09-1
MSP-5-507,VSP,P227,CL5,09-1
MSP2-2001,VSP,P227,CL5,09-1
MSP-11-1114,VSP,P227,CL5,09-1
15-2-RD-N-19P,JVPC,P110,CL12,15-2
MSP-10-1017,VSP,P227,CL5,09-1
MSP-7-705,VSP,P227,CL5,09-1
BK9-9002,VSP,P227,CL5,09-1
BK8-8001,VSP,P227,CL5,09-1
15-2-RD-E-03PST,JVPC,P110,CL12,15-2
15-2-RD-12PD_N1_,JVPC,P110,CL12,15-2
15-2-RD-E-05P,JVPC,P110,CL12,15-2
15-2-RD-E-04P,JVPC,P110,CL12,15-2
15-2-RD-E-01P,JVPC,P110,CL12,15-2
15-2-RD-E-03P,JVPC,P110,CL12,15-2
15-2-PD-4X_PD-2P_,JVPC,P109,CL12,15-2
15-2-RD-E-02P,JVPC,P110,CL12,15-2
15-2-RD-16P_N1_,JVPC,P110,CL12,15-2
15-1-SV-2X,CUU_LONG_JOC,P90,CL9,15-1
16-1-VT-1X,HOANG_LONG_JOC,P134,CL16,16-1
15-2-RD-13X_S-04P_,JVPC,P110,CL12,15-2
16-1-NO-1X,HOANG_LONG_JOC,P123,CL16,16-1
15-1-SC-1X,CUU_LONG_JOC,P86,CL9,15-1
15-1-SD-4X,CUU_LONG_JOC,P87,CL9,15-1
RP-1-110,VSP,P33,CL41,
09-2-CNV-1X,HOAN_VU_JOC,P51,CL6,09-2
15-2-RD-C-05P,JVPC,P110,CL12,15-2
RONG-10,VSP,P33,CL41,
BK8-448,VSP,P227,CL5,09-1
MSP-4-821,VSP,P227,CL5,09-1
MSP2-414,VSP,P227,CL5,09-1
MSP-11-1113,VSP,P227,CL5,09-1
MSP-9-924,VSP,P227,CL5,09-1
BK9-9001,VSP,P227,CL5,09-1
BK8-441,VSP,P227,CL5,09-1
MSP2-556,VSP,P227,CL5,09-1
BK09-18,VSP,P227,CL5,09-1
15-2-RD-C-06P,JVPC,P110,CL12,15-2
MSP12-16,VSP,P227,CL5,09-1
MSP2-418,VSP,P227,CL5,09-1
15-2-RD-14P_N1_,JVPC,P110,CL12,15-2
15-2-RD-9X,JVPC,P110,CL12,15-2
15-2-RD-15P_N1_,JVPC,P110,CL12,15-2
16-2-BG-1X,CONOCO,P138,CL18,16-2
15-1-SV-1X,CUU_LONG_JOC,P90,CL9,15-1
15-2-RD-11X_S-03P_,JVPC,P110,CL12,15-2
15-2-RD-12X_C-01P_,JVPC,P110,CL12,15-2
15-2-RD-10X_S-02P_,JVPC,P110,CL12,15-2
15-2-RD-C-07P,JVPC,P110,CL12,15-2
15-1-SD-2X,CUU_LONG_JOC,P87,CL9,15-1
01-TN-1X,PCVL,P12,CL39,
15-1-SD-3X,CUU_LONG_JOC,P87,CL9,15-1
15-1-SD-2X ST,CUU_LONG_JOC,P87,CL9,15-1
01-RB-12PST2,PCVL,P10,CL39,
01-RB-13P,PCVL,P10,CL39,
MSP2-484,VSP,P227,CL5,09-1
01-EMERAL-2X,PCVL,P7,CL39,
MSP2-491,VSP,P227,CL5,09-1
MSP-9-923,VSP,P227,CL5,09-1
TGT-14XST1,HOANG_LONG_JOC,P130,CL16,16-1
SoN-1X,PVEP_POC,P54,CL36,09-2/09
MSP-11-477,VSP,P227,CL5,09-1
MSP-8-822,VSP,P227,CL5,09-1
BK8-476,VSP,P227,CL5,09-1
MSP-11-1111,VSP,P227,CL5,09-1
MSP-11-1110,VSP,P227,CL5,09-1
MSP2-485,VSP,P227,CL5,09-1
MSP-6-101,VSP,P227,CL5,09-1
BK1-432,VSP,P227,CL5,09-1
17-CC-1X,VSP,P163,CL19,17
BK8-460,VSP,P227,CL5,09-1
KTN-5X,PVEP_POC,P53,CL36,09-2/09
15-1-SD-1X,CUU_LONG_JOC,P87,CL9,15-1
15-2-RD-11P_N1_,JVPC,P110,CL12,15-2
15-2-RD-13P_N1_,JVPC,P110,CL12,15-2
15-2-RD-8X_S-01P_,JVPC,P110,CL12,15-2
01-RB-11P,PCVL,P10,CL39,
RC2-305,VSP,P33,CL41,
01-RB-12P,PCVL,P10,CL39,
01-RB-12PST1,PCVL,P10,CL39,
RC2-206,VSP,P33,CL41,
MSP-9-921,VSP,P227,CL5,09-1
15-2-RD-C-03P,JVPC,P110,CL12,15-2
BK8-465,VSP,P227,CL5,09-1
RC2-203,VSP,P33,CL41,
MSP-11-1112,VSP,P227,CL5,09-1
MSP-10-1016,VSP,P227,CL5,09-1
MSP-10-1011,VSP,P227,CL5,09-1
MSP-9-920,VSP,P227,CL5,09-1
MSP-6-140,VSP,P227,CL5,09-1
MSP-7-704,VSP,P227,CL5,09-1
BK8-467,VSP,P227,CL5,09-1
MSP-7-75,VSP,P227,CL5,09-1
15-2-RD-C-04P,JVPC,P110,CL12,15-2
BK6-479,VSP,P227,CL5,09-1
BH-17,VSP,P227,CL5,09-1
MSP-11-1108,VSP,P227,CL5,09-1
BK4-459,VSP,P227,CL5,09-1
15-2-RD-10P_N1_,JVPC,P110,CL12,15-2
BK6-439,VSP,P227,CL5,09-1
15-2-RD-9P_N1_,JVPC,P110,CL12,15-2
15-2-VD-2X,JVPC,P111,CL12,15-2
01-RB-7P,PCVL,P10,CL39,
01-RB-9P,PCVL,P10,CL39,
HC-1X/ST1/ST2,PVEP_POC,P55,CL7,09-2/10
01-RB-6P,PCVL,P10,CL39,
01-RB-8P,PCVL,P10,CL39,
RONG 5-RC2,VSP,P33,CL41,
01-RB-5PST,PCVL,P10,CL39,
01-RB-10P,PCVL,P10,CL39,
01-RB-5P,PCVL,P10,CL39,
RONG 22-RC2,VSP,P33,CL41,
MSP-7-76,VSP,P227,CL5,09-1
MSP-2-428,VSP,P227,CL5,09-1
MSP-5-509,VSP,P227,CL5,09-1
KTN-4X,PVEP_POC,P53,CL36,09-2/09
MSP-10-1003,VSP,P227,CL5,09-1
MSP-8-819,VSP,P227,CL5,09-1
MSP-11-474,VSP,P227,CL5,09-1
MSP-9-919,VSP,P227,CL5,09-1
MSP-11-1107,VSP,P227,CL5,09-1
MSP-7-703,VSP,P227,CL5,09-1
MSP-6-120,VSP,P227,CL5,09-1
BK5-478,VSP,P227,CL5,09-1
BK8-458,VSP,P227,CL5,09-1
BK4-447,VSP,P227,CL5,09-1
KNV-4XP,PVEP_POC,P226,CL36,09-2/09
BK8-449,VSP,P227,CL5,09-1
BK6-443,VSP,P227,CL5,09-1
15-2-RD-8P_N1_,JVPC,P110,CL12,15-2
15-2-RD-7X,JVPC,P110,CL12,15-2
15-2-RD-7P_N1_,JVPC,P110,CL12,15-2
BK4-462,VSP,P227,CL5,09-1
01-RB-4P,PCVL,P10,CL39,
15-2-RD-4PST_N1_,JVPC,P110,CL12,15-2
15-2-RD-6P_N1_,JVPC,P110,CL12,15-2
15-2-RD-5P_N1_,JVPC,P110,CL12,15-2
KNV-4XP/ST,PVEP_POC,P226,CL36,09-2/09
RONG-18,VSP,P33,CL41,
01-RB-2P,PCVL,P10,CL39,
01-RB-1P,PCVL,P10,CL39,
01-RB-3P,PCVL,P10,CL39,
BK1-464,VSP,P227,CL5,09-1
MSP-7-700,VSP,P227,CL5,09-1
MSP-9-911,VSP,P227,CL5,09-1
MSP-8-820,VSP,P227,CL5,09-1
MSP-9-917,VSP,P227,CL5,09-1
MSP-10-1010,VSP,P227,CL5,09-1
KNV-3X,PVEP_POC,P226,CL36,09-2/09
BK1-435,VSP,P227,CL5,09-1
MSP-10-1007,VSP,P227,CL5,09-1
BK6-438,VSP,P227,CL5,09-1
BK6-440,VSP,P227,CL5,09-1
BK6-436,VSP,P227,CL5,09-1
MSP-7-702,VSP,P227,CL5,09-1
BK4-457,VSP,P227,CL5,09-1
15.2-RD-4P_N1_,JVPC,P110,CL12,15-2
15.2-RD-6X,JVPC,P110,CL12,15-2
15.2-RD-6XST,JVPC,P110,CL12,15-2
DD-2P,LAM_SON_JOC,P28,CL2,02/97
15.2-GD-1X,JVPC,P108,CL12,15-2
15.2-RD-3P_N1_,JVPC,P110,CL12,15-2
15.2-RD-2P_N1_,JVPC,P110,CL12,15-2
01-CC-1X,PCVL,P14,CL39,
RONG-16,VSP,P33,CL41,
MSP-9-914,VSP,P227,CL5,09-1
MSP-8-817,VSP,P227,CL5,09-1
MSP-9-907,VSP,P227,CL5,09-1
R201,VSP,P33,CL41,
MSP-8-816,VSP,P227,CL5,09-1
TGT-30P,HOANG_LONG_JOC,P130,CL16,16-1
DD-7P,LAM_SON_JOC,P28,CL2,02/97
MSP-6-110,VSP,P227,CL5,09-1
MSP-8-815,VSP,P227,CL5,09-1
MSP-5-503,VSP,P227,CL5,09-1
MSP-6-100,VSP,P227,CL5,09-1
MSP-11-1102,VSP,P227,CL5,09-1
MSP-10-1013,VSP,P227,CL5,09-1
MSP-10-1002,VSP,P227,CL5,09-1
BK6-437,VSP,P227,CL5,09-1
BK5-452,VSP,P227,CL5,09-1
BK5-427,VSP,P227,CL5,09-1
DM-5PST1,PCVL,P6,CL39,
BK4-423,VSP,P227,CL5,09-1
BK5-426,VSP,P227,CL5,09-1
BK3-412,VSP,P227,CL5,09-1
BK3-450,VSP,P227,CL5,09-1
15.2-RD-5X,JVPC,P110,CL12,15-2
17-VT-1X,EOE,P166,CL19,17
17-VT-1XR,EOE,P166,CL19,17
BH-8,VSP,P227,CL5,09-1
15.2-RD-3X,JVPC,P110,CL12,15-2
15.2-RD-4X,JVPC,P110,CL12,15-2
TL-9XP,LAM_SON_JOC,P30,CL2,02/97
15.2-RD-2X,JVPC,P110,CL12,15-2
15.2-RD-1P_N1_,JVPC,P110,CL12,15-2
01-F(Pearl_-1X,PCVL,P9,CL39,
01-RB-4X,PCVL,P10,CL39,
01-TOPAZ-1X,PCVL,P12,CL39,
01-AGATE-1X,PCVL,P1,CL39,
01-A-1X,PCVL,P6,CL39,
RONG-21,VSP,P33,CL41,
RP-1-108,VSP,P33,CL41,
RP-1-109,VSP,P33,CL41,
KTN-3X,PVEP_POC,P53,CL36,09-2/09
MSP-8-818,VSP,P227,CL5,09-1
RONG-14,VSP,P33,CL41,
MSP-9-918,VSP,P227,CL5,09-1
MSP-8-95,VSP,P227,CL5,09-1
MSP-5-508,VSP,P227,CL5,09-1
MSP-11-446,VSP,P227,CL5,09-1
MSP-5-510,VSP,P227,CL5,09-1
MSP-6-90,VSP,P227,CL5,09-1
BK6-442,VSP,P227,CL5,09-1
MSP-11-1106,VSP,P227,CL5,09-1
KTN-2X,PVEP_POC,P53,CL36,09-2/09
MSP-11-445,VSP,P227,CL5,09-1
MSP-10-1001,VSP,P227,CL5,09-1
BK5-455,VSP,P227,CL5,09-1
BK4-429,VSP,P227,CL5,09-1
BK6-431,VSP,P227,CL5,09-1
BK5-456,VSP,P227,CL5,09-1
BK4-424,VSP,P227,CL5,09-1
BK4-419,VSP,P227,CL5,09-1
BK3-413,VSP,P227,CL5,09-1
15.2-PD-1X,JVPC,P109,CL12,15-2
TL-10XP,LAM_SON_JOC,P30,CL2,02/97
01-RB-2,PCVL,P10,CL39,
01-RB-3,PCVL,P10,CL39,
01-EMERAL-1X,PCVL,P7,CL39,
02-OPAL-1X,PCVL,P24,CL40,
RP-1-105,VSP,P33,CL41,
RP-1-115,VSP,P33,CL41,
RP-1-112,VSP,P33,CL41,
RP-1-107,VSP,P33,CL41,
MSP-8-811,VSP,P227,CL5,09-1
MSP-9-910,VSP,P227,CL5,09-1
DM-5P,PCVL,P6,CL39,
MSP-9-903,VSP,P227,CL5,09-1
MSP-8-813,VSP,P227,CL5,09-1
MSP-8-806,VSP,P227,CL5,09-1
MSP-6-80,VSP,P227,CL5,09-1
MSP-10-109,VSP,P227,CL5,09-1
MSP-6-81,VSP,P227,CL5,09-1
MSP-10-1004,VSP,P227,CL5,09-1
BK5-425,VSP,P227,CL5,09-1
MSP-10-1005,VSP,P227,CL5,09-1
BK5-433,VSP,P227,CL5,09-1
DM-4XP,PCVL,P6,CL39,
BK3-410,VSP,P227,CL5,09-1
BK4-415,VSP,P227,CL5,09-1
BK3-407,VSP,P227,CL5,09-1
BH-7,VSP,P227,CL5,09-1
15.2-VD-1X,JVPC,P111,CL12,15-2
01-RB-1X,PCVL,P10,CL39,
15.2-RD-1X,JVPC,P110,CL12,15-2
15.2-VD-1XR,JVPC,P111,CL12,15-2
RP-1-116,VSP,P33,CL41,
RP-1-106,VSP,P33,CL41,
DM-2P,PCVL,P6,CL39,
RP-1-104,VSP,P33,CL41,
RP-1-103,VSP,P33,CL41,
RONG-11,VSP,P33,CL41,
RP-1-102,VSP,P33,CL41,
RP-1-101,VSP,P33,CL41,
RONG-8,VSP,P33,CL41,
MSP-8-805,VSP,P227,CL5,09-1
MSP-9-909,VSP,P227,CL5,09-1
MSP-9-904,VSP,P227,CL5,09-1
MSP-9-902,VSP,P227,CL5,09-1
DM-3P,PCVL,P6,CL39,
MSP-8-804,VSP,P227,CL5,09-1
MSP-5-506,VSP,P227,CL5,09-1
MSP-10-1008,VSP,P227,CL5,09-1
MSP-10-1014,VSP,P227,CL5,09-1
BK3-404,VSP,P227,CL5,09-1
BK3-430,VSP,P227,CL5,09-1
02-D-1X,PCVL,P27,CL40,
02-C-1X,PCVL,P26,CL40,
MSP-9-901,VSP,P227,CL5,09-1
RONG-7,VSP,P33,CL41,
TGT-14XST2,HOANG_LONG_JOC,P130,CL16,16-1
DD-9P,LAM_SON_JOC,P28,CL2,02/97
MSP-8-809,VSP,P227,CL5,09-1
MSP-9-905,VSP,P227,CL5,09-1
MSP-5-505,VSP,P227,CL5,09-1
MSP-6-86,VSP,P227,CL5,09-1
MSP-6-74,VSP,P227,CL5,09-1
MSP-6-94,VSP,P227,CL5,09-1
MSP-3-65,VSP,P227,CL5,09-1
MSP-4-88,VSP,P227,CL5,09-1
MSP-3-66,VSP,P227,CL5,09-1
MSP-5-504,VSP,P227,CL5,09-1
DD-6P,LAM_SON_JOC,P28,CL2,02/97
BK2-409,VSP,P227,CL5,09-1
BK3-411,VSP,P227,CL5,09-1
BK2-422,VSP,P227,CL5,09-1
BK2-420,VSP,P227,CL5,09-1
RONG-6,VSP,P33,CL41,
MSP-8-802,VSP,P227,CL5,09-1
MSP-8-803,VSP,P227,CL5,09-1
BK3-405,VSP,P227,CL5,09-1
MSP-7-708,VSP,P227,CL5,09-1
MSP-6-121,VSP,P227,CL5,09-1
DD-3P,LAM_SON_JOC,P28,CL2,02/97
MSP-6-602,VSP,P227,CL5,09-1
MSP-8-801,VSP,P227,CL5,09-1
BK2-421,VSP,P227,CL5,09-1
MSP-5-114,VSP,P227,CL5,09-1
MSP-4-67,VSP,P227,CL5,09-1
MSP-1-403,VSP,P227,CL5,09-1
17-C-1X,EOE,P162,CL19,17
RONG-9,VSP,P33,CL41,
17-N-1X,EOE,P165,CL19,17
09-SOI-1X,VSP,P57,CL8,09-3
CNV-7P,HOAN_VU_JOC,P51,CL6,09-2
MSP-3-193,VSP,P227,CL5,09-1
BK1-406,VSP,P227,CL5,09-1
BK1-416,VSP,P227,CL5,09-1
BK1-408,VSP,P227,CL5,09-1
MSP-6-62,VSP,P227,CL5,09-1
MSP-7-701,VSP,P227,CL5,09-1
MSP-7-715,VSP,P227,CL5,09-1
MSP-7-145,VSP,P227,CL5,09-1
MSP-6-137,VSP,P227,CL5,09-1
MSP-5-104,VSP,P227,CL5,09-1
TL-3P,LAM_SON_JOC,P30,CL2,02/97
MSP-5-502,VSP,P227,CL5,09-1
MSP-4-60,VSP,P227,CL5,09-1
MSP-4-810,VSP,P227,CL5,09-1
RONG-3,VSP,P33,CL41,
MSP-6-605,VSP,P227,CL5,09-1
MSP-4-91,VSP,P227,CL5,09-1
MSP-5-109,VSP,P227,CL5,09-1
MSP-5-102,VSP,P227,CL5,09-1
MSP-5-108,VSP,P227,CL5,09-1
MSP-4-908,VSP,P227,CL5,09-1
TL-7P,LAM_SON_JOC,P30,CL2,02/97
MSP-3-61,VSP,P227,CL5,09-1
MSP-3-73,VSP,P227,CL5,09-1
MSP-4-84,VSP,P227,CL5,09-1
MSP-3-85,VSP,P227,CL5,09-1
MSP-1-401,VSP,P227,CL5,09-1
16-BADEN-1X,VSP,P120,CL18,16-2
BK2-417,VSP,P227,CL5,09-1
16-BAVI-1X,VSP,P121,CL44,
MSP-6-136,VSP,P227,CL5,09-1
17-DD-1X,EOE,P164,CL19,17
TL-2P,LAM_SON_JOC,P30,CL2,02/97
MSP-5-119,VSP,P227,CL5,09-1
RONG-4,VSP,P33,CL41,
MSP-4-87,VSP,P227,CL5,09-1
MSP-4-93,VSP,P227,CL5,09-1
MSP-5-116,VSP,P227,CL5,09-1
MSP-4-98,VSP,P227,CL5,09-1
MSP-3-71,VSP,P227,CL5,09-1
MSP-3-72,VSP,P227,CL5,09-1
MSP-4-83,VSP,P227,CL5,09-1
MSP-4-82,VSP,P227,CL5,09-1
TL-1P,LAM_SON_JOC,P30,CL2,02/97
MSP-3-68,VSP,P227,CL5,09-1
MSP-3-69,VSP,P227,CL5,09-1
MSP-1-45,VSP,P227,CL5,09-1
MSP-3-107,VSP,P227,CL5,09-1
MSP-1-37,VSP,P227,CL5,09-1
MSP-1-43,VSP,P227,CL5,09-1
MSP-1-42,VSP,P227,CL5,09-1
MSP-1-44,VSP,P227,CL5,09-1
RONG-2,VSP,P33,CL41,
MSP-5-117,VSP,P227,CL5,09-1
TL-8P,LAM_SON_JOC,P30,CL2,02/97
BH-15,VSP,P227,CL5,09-1
BH-12,VSP,P227,CL5,09-1
MSP-4-130,VSP,P227,CL5,09-1
MSP-4-202,VSP,P227,CL5,09-1
MSP-4-89,VSP,P227,CL5,09-1
MSP-3-79,VSP,P227,CL5,09-1
MSP-3-64,VSP,P227,CL5,09-1
MSP-3-14,VSP,P227,CL5,09-1
MSP-3-70,VSP,P227,CL5,09-1
MSP-1-46,VSP,P227,CL5,09-1
TL-4P,LAM_SON_JOC,P30,CL2,02/97
MSP-1-41,VSP,P227,CL5,09-1
MSP-1-35,VSP,P227,CL5,09-1
MSP-1-36,VSP,P227,CL5,09-1
MSP-1-38,VSP,P227,CL5,09-1
MSP-1-21,VSP,P227,CL5,09-1
MSP-1-30,VSP,P227,CL5,09-1
BH-9,VSP,P227,CL5,09-1
BH-6,VSP,P227,CL5,09-1
MSP-3-63,VSP,P227,CL5,09-1
MSP-1-28,VSP,P227,CL5,09-1
LDV-4X,PVEP_POC,P95,CL10,15-1/05
TL-5P,LAM_SON_JOC,P30,CL2,02/97
BH-10,VSP,P227,CL5,09-1
MSP-3-13,VSP,P227,CL5,09-1
MSP-1-27,VSP,P227,CL5,09-1
MSP-1-24,VSP,P227,CL5,09-1
MSP-1-1,VSP,P227,CL5,09-1
MSP-1-22,VSP,P227,CL5,09-1
BH-4,VSP,P227,CL5,09-1
BH-3,VSP,P227,CL5,09-1
RONG-1,VSP,P33,CL41,
BH-5,VSP,P227,CL5,09-1
KTN-1X,PVEP_POC,P53,CL36,09-2/09
KNV-2X,PVEP_POC,P226,CL36,09-2/09
KNV-1X,PVEP_POC,P226,CL36,09-2/09
RBA-7P-ST1,PCVL,P10,CL39,
RBB-15P,PCVL,P10,CL39,
KNT-3X,PVEP_POC,P52,CL36,09-2/09
HX-2X,PVEP_POC,P16,CL1,01/97
KNT-2X,PVEP_POC,P52,CL36,09-2/09
RBA-14XP-ST3,PCVL,P10,CL39,
TGT-14X,HOANG_LONG_JOC,P130,CL16,16-1
RBA-12P ST4,PCVL,P10,CL39,
Diamond-4X,PCVL,P6,CL39,
RBA-10P ST1,PCVL,P10,CL39,
DM-3X_WO_,VRJ,P228,CL8,09-3
DD-3X,LAM_SON_JOC,P28,CL2,02/97
KNT-1X,HONG_LONG_POC,P52,CL36,09-2/09
Azurite-3X,PCVL,P5,CL39,
DM-3X_KN_,VRJ,P228,CL8,09-3
CNV-6P-ST1,HOAN_VU_JOC,P51,CL6,09-2
RBA-6P ST1 WO#1,PCVL,P10,CL39,
ST-6P,CUU_LONG_JOC,P89,CL9,15-1
Pearl-3P,PCVL,P9,CL39,
Pearl-2P,PCVL,P9,CL39,
Topaz-1P,PCVL,P12,CL39,
CNV-3P_WO_,HOAN_VU_JOC,P51,CL6,09-2
Topaz-2P,PCVL,P12,CL39,
Pearl-1P,PCVL,P9,CL39,
CNV-6P,HOAN_VU_JOC,P51,CL6,09-2
CNV-5P,HOAN_VU_JOC,P51,CL6,09-2
RBB-11P,PCVL,P10,CL39,
JADE-4X,PCVL,P26,CL40,
SNS-6P,CUU_LONG_JOC,P249,CL9,15-1
02/97-TL-3X,LAM_SON_JOC,P30,CL2,02/97
RBB-10P,PCVL,P10,CL39,
RBB-3P(WO_,PCVL,P10,CL39,
RBB-13P,PCVL,P10,CL39,
01/97-HD-1XST,LAM_SON_JOC,P18,CL1,01/97
01/97-HXS-1X,LAM_SON_JOC,P17,CL1,01/97
JADE-3X,PCVL,P26,CL40,
Azurite 2X,PCVL,P5,CL39,
01/97-HD-1X,LAM_SON_JOC,P18,CL1,01/97
09-2-CNV-3P,HOAN_VU_JOC,P51,CL6,09-2
