Well_index;WellName;Latitude;Longtitude;GeoJson;FieldID;OperatorID;WellAlias;WellType;WellUWI
0;15-2-RANGDONG-E-25P;9.98;108.29;"{""type"":""Feature"",""geometry"":{""type"":""Point"",""coordinates"":[108.29,9.98]}}";P110;JVPC;15-2-RD-E-25P;PRO;15-2-RD-E-25P
1;09-2-CANGUVANG-5PST2;9.85;108.16;"{""type"":""Feature"",""geometry"":{""type"":""Point"",""coordinates"":[108.16,9.85]}}";P51;HOAN_VU_JOC;09-2-CNV-5PST2;PRO;09-2-CNV-5PST2
10;15-1-SUTUNAUSOUTH-5AP;10.55;108.4;"{""type"":""Feature"",""geometry"":{""type"":""Point"",""coordinates"":[108.4,10.55]}}";P249;CUU_LONG_JOC;SNS-5AP;PRO;15-1-SNS-5AP
100;09-2-CANGUVANG-2P (RE);9.85;108.16;"{""type"":""Feature"",""geometry"":{""type"":""Point"",""coordinates"":[108.16,9.85]}}";P51;HOAN_VU_JOC;09-2-CNV-2P (RE);PRO;09-2-CNV-2P (RE)
101;09-2-CANGUVANG-2P;9.85;108.16;"{""type"":""Feature"",""geometry"":{""type"":""Point"",""coordinates"":[108.16,9.85]}}";P51;HOAN_VU_JOC;09-2-CNV-2P;PRO;09-2-CNV-2P
102;09-2-CANGUVANG-1PST1;9.85;108.16;"{""type"":""Feature"",""geometry"":{""type"":""Point"",""coordinates"":[108.16,9.85]}}";P51;HOAN_VU_JOC;09-2-CNV-1PST1;PRO;09-2-CNV-1PST1
103;RONG-317;9.46;107.96;"{""type"":""Feature"",""geometry"":{""type"":""Point"",""coordinates"":[107.96,9.46]}}";P33;VSP;RP3-R317;PRO;09-1-RP03-317
104;RONG-318;9.46;107.96;"{""type"":""Feature"",""geometry"":{""type"":""Point"",""coordinates"":[107.96,9.46]}}";P33;VSP;RP3-R318;PRO;09-1-RP03-318
105;BACHHO-BK10-10002;9.75;107.99;"{""type"":""Feature"",""geometry"":{""type"":""Point"",""coordinates"":[107.99,9.75]}}";P227;VSP;BK10-10002BT;PRO;09-1-BH-10002
106;BACHHO-MSP04-40;9.82;108.02;"{""type"":""Feature"",""geometry"":{""type"":""Point"",""coordinates"":[108.02,9.82]}}";P227;VSP;MSP-4-40BT;PRO;09-1-BH-40
107;BACHHO-BK07-7009;9.77;107.99;"{""type"":""Feature"",""geometry"":{""type"":""Point"",""coordinates"":[107.99,9.77]}}";P227;VSP;BK7-7009BT;PRO;09-1-BH-7009
108;BACHHO-BK10-10001;9.76;108.0;"{""type"":""Feature"",""geometry"":{""type"":""Point"",""coordinates"":[108,9.76]}}";P227;VSP;BK10-10001BT;PRO;09-1-BH-10001
109;BACHHO-BK07-7008;9.77;107.99;"{""type"":""Feature"",""geometry"":{""type"":""Point"",""coordinates"":[107.99,9.77]}}";P227;VSP;BK7-7008BT;PRO;09-1-BH-7008
11;15-1-SUTUNAUNORTH-4P;10.59;108.44;"{""type"":""Feature"",""geometry"":{""type"":""Point"",""coordinates"":[108.44,10.59]}}";P245;CUU_LONG_JOC;SNN-4P;PRO;15-1-SNN-4P
110;02/97-DONGDO-1X;10.12;108.56;"{""type"":""Feature"",""geometry"":{""type"":""Point"",""coordinates"":[108.56,10.12]}}";P28;LAM_SON_JOC;02/97-DD-1X;EXP;02/97-DD-1X
111;02/97-THANGLONG-2X;10.17;108.58;"{""type"":""Feature"",""geometry"":{""type"":""Point"",""coordinates"":[108.58,10.17]}}";P30;LAM_SON_JOC;02/97-TL-2X;APP;02/97-TL-2X
112;01-MOONSTONE-1XST1;10.49;108.57;"{""type"":""Feature"",""geometry"":{""type"":""Point"",""coordinates"":[108.57,10.49]}}";P8;PCVL;Moonstone-1X;EXP;01-MOONSTONE-1XST1
113;01-DIAMOND-3X;10.56;108.5;"{""type"":""Feature"",""geometry"":{""type"":""Point"",""coordinates"":[108.5,10.56]}}";P6;PCVL;01-Diamond-3X;APP;01-DM-1X
114;02-JADE-2X;10.2;108.49;"{""type"":""Feature"",""geometry"":{""type"":""Point"",""coordinates"":[108.49,10.2]}}";P26;PCVL;JADE-2X;APP;02-JAD-2X
115;01-MOONSTONE-1X;10.49;108.57;"{""type"":""Feature"",""geometry"":{""type"":""Point"",""coordinates"":[108.57,10.49]}}";P8;PCVL;Moonstone-1X;EXP;01-MOONSTONE-1X
116;09-3-DOIMOI-3X;9.42;107.79;"{""type"":""Feature"",""geometry"":{""type"":""Point"",""coordinates"":[107.79,9.42]}}";P228;VRJ;09-3-DM-3X;APP;09-3-DM-3X
117;01-RUBYB-9P;10.4;108.51;"{""type"":""Feature"",""geometry"":{""type"":""Point"",""coordinates"":[108.51,10.4]}}";P10;PCVL;01-RBB-9P;PRO;01-RBB-9P
118;RONG-316;9.46;107.96;"{""type"":""Feature"",""geometry"":{""type"":""Point"",""coordinates"":[107.96,9.46]}}";P33;VSP;RP3-R316;PRO;09-1-RP03-316
119;09-2-CANGUVANG-1P;9.85;108.16;"{""type"":""Feature"",""geometry"":{""type"":""Point"",""coordinates"":[108.16,9.85]}}";P51;HOAN_VU_JOC;09-2-CNV-1P;PRO;09-2-CNV-1P
12;15-2-RANGDONG-20X;9.95;108.21;"{""type"":""Feature"",""geometry"":{""type"":""Point"",""coordinates"":[108.21,9.95]}}";P110;JVPC;15-2-RD-20X;APP;15-2-RD-20X
120;09-2-CAONGDOI-2X;9.82;108.25;"{""type"":""Feature"",""geometry"":{""type"":""Point"",""coordinates"":[108.25,9.82]}}";P50;HOAN_VU_JOC;09-2-COD-2X;APP;09-2-COD-2X
121;RONG-314;9.46;107.96;"{""type"":""Feature"",""geometry"":{""type"":""Point"",""coordinates"":[107.96,9.46]}}";P33;VSP;RP3-R314;PRO;09-1-RP03-314
122;BACHHO-BK07-7007;9.77;107.99;"{""type"":""Feature"",""geometry"":{""type"":""Point"",""coordinates"":[107.99,9.77]}}";P227;VSP;BK7-7007BT;PRO;09-1-BH-7007
123;RONG-309;9.46;107.96;"{""type"":""Feature"",""geometry"":{""type"":""Point"",""coordinates"":[107.96,9.46]}}";P33;VSP;RP3-R309;PRO;09-1-RP03-309
124;RONG-313;9.46;107.96;"{""type"":""Feature"",""geometry"":{""type"":""Point"",""coordinates"":[107.96,9.46]}}";P33;VSP;RP3-R313;PRO;09-1-RP03-313
125;RONG-311;9.46;107.96;"{""type"":""Feature"",""geometry"":{""type"":""Point"",""coordinates"":[107.96,9.46]}}";P33;VSP;RP3-R311;PRO;09-1-RP03-311
126;BACHHO-BK07-7010;9.77;107.99;"{""type"":""Feature"",""geometry"":{""type"":""Point"",""coordinates"":[107.99,9.77]}}";P227;VSP;BK7-7010BT;PRO;09-1-BH-7010
127;BACHHO-BK05-5001;9.74;108.0;"{""type"":""Feature"",""geometry"":{""type"":""Point"",""coordinates"":[108,9.74]}}";P227;VSP;BK5-5001BT;PRO;09-1-BH-5001
128;BACHHO-MSP08-817BT;9.82;108.01;"{""type"":""Feature"",""geometry"":{""type"":""Point"",""coordinates"":[108.01,9.82]}}";P227;VSP;MSP-8-817BT;PRO;09-1-BH-817BT
129;BACHHO-MSP-11-1120;9.82;108.01;"{""type"":""Feature"",""geometry"":{""type"":""Point"",""coordinates"":[108.01,9.82]}}";P227;VSP;MSP-11-1120BT;PRO;09-1-BH-1120
13;15-1-SUTUVANGNORTHEAST-3XP;10.4;108.39;"{""type"":""Feature"",""geometry"":{""type"":""Point"",""coordinates"":[108.39,10.4]}}";P246;CUU_LONG_JOC;SVNE-3XP;PRO;15-1-SVNE-3XP
130;01/97-HOXAM-1X;10.66;108.52;"{""type"":""Feature"",""geometry"":{""type"":""Point"",""coordinates"":[108.52,10.66]}}";P16;LAM_SON_JOC;01/97-HX-1X;EXP;01/97-HX-1X
131;09-3-DOIMOI-2X;9.42;107.79;"{""type"":""Feature"",""geometry"":{""type"":""Point"",""coordinates"":[107.79,9.42]}}";P228;VRJ;09-3-DM-2X;APP;09-3-DM-2X
132;BACHHO-23;9.85;108.02;"{""type"":""Feature"",""geometry"":{""type"":""Point"",""coordinates"":[108.02,9.85]}}";P227;VSP;BH-23;EXP;09-1-BH-23
133;09-2-CANGUVANG-4XST;9.85;108.16;"{""type"":""Feature"",""geometry"":{""type"":""Point"",""coordinates"":[108.16,9.85]}}";P51;HOAN_VU_JOC;09-2-CNV-4XST;APP;09-2-CNV-4XST
134;01-RUBYB-8P;10.4;108.51;"{""type"":""Feature"",""geometry"":{""type"":""Point"",""coordinates"":[108.51,10.4]}}";P10;PCVL;01-RBB-8P;PRO;01-RBB-8P
135;01-RUBY-14XPST2;10.53;108.49;"{""type"":""Feature"",""geometry"":{""type"":""Point"",""coordinates"":[108.49,10.53]}}";P10;PCVL;01-RB-14XPST2;PRO;01-RB-14XPST2
136;09-2-CANGUVANG-4X;9.85;108.16;"{""type"":""Feature"",""geometry"":{""type"":""Point"",""coordinates"":[108.16,9.85]}}";P51;HOAN_VU_JOC;09-2-CNV-4X;APP;09-2-CNV-4X
137;01-DIAMOND-2X;10.53;108.49;"{""type"":""Feature"",""geometry"":{""type"":""Point"",""coordinates"":[108.49,10.53]}}";P6;PCVL;01-Diamond-2X;APP;01-DM-2X
138;15-1-SUTUDEN-21P;10.44;108.38;"{""type"":""Feature"",""geometry"":{""type"":""Point"",""coordinates"":[108.38,10.44]}}";P87;CUU_LONG_JOC;15-1-SD-21P;PRO;15-1-SD-21P
139;01-RUBYB-7P;10.4;108.51;"{""type"":""Feature"",""geometry"":{""type"":""Point"",""coordinates"":[108.51,10.4]}}";P10;PCVL;01-RBB-7P;PRO;01-RBB-7P
14;15-2-RANGDONG-19X;10.01;108.31;"{""type"":""Feature"",""geometry"":{""type"":""Point"",""coordinates"":[108.31,10.01]}}";P110;JVPC;15-2-RD-19X;APP;15-2-RD-19X
140;15-1-SUTUDEN-20P;10.44;108.38;"{""type"":""Feature"",""geometry"":{""type"":""Point"",""coordinates"":[108.38,10.44]}}";P87;CUU_LONG_JOC;15-1-SD-20P;PRO;15-1-SD-20P
141;01-RUBYB-5P;10.4;108.51;"{""type"":""Feature"",""geometry"":{""type"":""Point"",""coordinates"":[108.51,10.4]}}";P10;PCVL;01-RBB-5P;PRO;01-RBB-5P
142;15-1-SUTUDEN-19P;10.44;108.38;"{""type"":""Feature"",""geometry"":{""type"":""Point"",""coordinates"":[108.38,10.44]}}";P87;CUU_LONG_JOC;15-1-SD-19P;PRO;15-1-SD-19P
143;15-1-SUTUDEN-17P;10.44;108.38;"{""type"":""Feature"",""geometry"":{""type"":""Point"",""coordinates"":[108.38,10.44]}}";P87;CUU_LONG_JOC;15-1-SD-17P;PRO;15-1-SD-17P
144;RONG-20;9.43;107.82;"{""type"":""Feature"",""geometry"":{""type"":""Point"",""coordinates"":[107.82,9.43]}}";P33;VSP;RONG-20;EXP;09-1-R-20
145;15-1-SUTUDEN-18P;10.44;108.38;"{""type"":""Feature"",""geometry"":{""type"":""Point"",""coordinates"":[108.38,10.44]}}";P87;CUU_LONG_JOC;15-1-SD-18P;PRO;15-1-SD-18P
146;RONG-315;9.46;107.96;"{""type"":""Feature"",""geometry"":{""type"":""Point"",""coordinates"":[107.96,9.46]}}";P33;VSP;RP3-R315;PRO;09-1-RP03-315
147;RONG-304;9.46;107.96;"{""type"":""Feature"",""geometry"":{""type"":""Point"",""coordinates"":[107.96,9.46]}}";P33;VSP;RP3-R304;PRO;09-1-RP03-304
148;RONG-312;9.46;107.96;"{""type"":""Feature"",""geometry"":{""type"":""Point"",""coordinates"":[107.96,9.46]}}";P33;VSP;RP3-R312;PRO;09-1-RP03-312
149;RONG-307;9.46;107.96;"{""type"":""Feature"",""geometry"":{""type"":""Point"",""coordinates"":[107.96,9.46]}}";P33;VSP;RP3-R307;PRO;09-1-RP03-307
15;15-2-RANGDONG-N-05I;10.0;108.27;"{""type"":""Feature"",""geometry"":{""type"":""Point"",""coordinates"":[108.27,10]}}";P110;JVPC;15-2-RD-N-05I;INJ;15-2-RD-N-05I
150;RONG-310;9.46;107.96;"{""type"":""Feature"",""geometry"":{""type"":""Point"",""coordinates"":[107.96,9.46]}}";P33;VSP;RP3-R310;PRO;09-1-RP03-310
151;BACHHO-BK12-12001;9.79;107.99;"{""type"":""Feature"",""geometry"":{""type"":""Point"",""coordinates"":[107.99,9.79]}}";P227;VSP;BK12-12001BT;PRO;09-1-BH-12001
152;BACHHO-MSP-12-1202;9.66;107.99;"{""type"":""Feature"",""geometry"":{""type"":""Point"",""coordinates"":[107.99,9.66]}}";P227;VSP;MSP-12-1202BT;PRO;09-1-BH-1202
153;BACHHO-BK11-11002;9.73;108.01;"{""type"":""Feature"",""geometry"":{""type"":""Point"",""coordinates"":[108.01,9.73]}}";P227;VSP;BK11-11002BT;PRO;09-1-BH-11002
154;BACHHO-MSP07-711;9.83;108.03;"{""type"":""Feature"",""geometry"":{""type"":""Point"",""coordinates"":[108.03,9.83]}}";P227;VSP;MSP-7-711BT;PRO;09-1-BH-711
155;BACHHO-MSP-10-1021;9.8;108.03;"{""type"":""Feature"",""geometry"":{""type"":""Point"",""coordinates"":[108.03,9.8]}}";P227;VSP;MSP-10-1021BT;PRO;09-1-BH-1021
156;BACHHO-MSP04-92;9.82;108.02;"{""type"":""Feature"",""geometry"":{""type"":""Point"",""coordinates"":[108.02,9.82]}}";P227;VSP;MSP-4-92BT;PRO;09-1-BH-92
157;BACHHO-BK07-7005;9.77;107.99;"{""type"":""Feature"",""geometry"":{""type"":""Point"",""coordinates"":[107.99,9.77]}}";P227;VSP;BK7-7005BT;PRO;09-1-BH-7005
158;01-TOPAZNORTH-3XST;10.46;108.65;"{""type"":""Feature"",""geometry"":{""type"":""Point"",""coordinates"":[108.65,10.46]}}";P13;PCVL;01-TN-3XST;APP;01-TN-3XST
159;BACHHO-MSP-12-1201;9.79;108.02;"{""type"":""Feature"",""geometry"":{""type"":""Point"",""coordinates"":[108.02,9.79]}}";P227;VSP;MSP-12-1201BT;PRO;09-1-BH-1201
16;15-2-RANGDONG-C-04I;9.96;108.26;"{""type"":""Feature"",""geometry"":{""type"":""Point"",""coordinates"":[108.26,9.96]}}";P110;JVPC;15-2-RD-C-04I;INJ;15-2-RD-C-04I
160;01-TOPAZNORTH-3X;10.46;108.65;"{""type"":""Feature"",""geometry"":{""type"":""Point"",""coordinates"":[108.65,10.46]}}";P13;PCVL;01-TN-3X;APP;01-TN-3X
161;BACHHO-BK07-7006;9.77;107.99;"{""type"":""Feature"",""geometry"":{""type"":""Point"",""coordinates"":[107.99,9.77]}}";P227;VSP;BK7-7006BT;PRO;09-1-BH-7006
162;01-RUBYB-4P;10.4;108.51;"{""type"":""Feature"",""geometry"":{""type"":""Point"",""coordinates"":[108.51,10.4]}}";P10;PCVL;01-RBB-4P (WO);PRO;01-RBB-4P
163;01-RUBYB-3P;10.4;108.51;"{""type"":""Feature"",""geometry"":{""type"":""Point"",""coordinates"":[108.51,10.4]}}";P10;PCVL;01-RBB-3P;PRO;01-RBB-3P
164;01-RUBYB-1P;10.4;108.51;"{""type"":""Feature"",""geometry"":{""type"":""Point"",""coordinates"":[108.51,10.4]}}";P10;PCVL;01-RBB-1P;PRO;01-RBB-1P
165;01-RUBYB-2P;10.4;108.51;"{""type"":""Feature"",""geometry"":{""type"":""Point"",""coordinates"":[108.51,10.4]}}";P10;PCVL;01-RBB-2P;PRO;01-RBB-2P
166;15-2-RANGDONG-E10P;9.98;108.29;"{""type"":""Feature"",""geometry"":{""type"":""Point"",""coordinates"":[108.29,9.98]}}";P110;JVPC;15-2-RD-E-10P;PRO;15-2-RD-E-10P
167;15-2-PHUONGDONG-3X;10.07;108.41;"{""type"":""Feature"",""geometry"":{""type"":""Point"",""coordinates"":[108.41,10.07]}}";P109;JVPC;15-2-PD-3X (PD-1P);APP;15-2-PD-3X
168;16-1-TEGIACTRANG-1X;9.98;107.96;"{""type"":""Feature"",""geometry"":{""type"":""Point"",""coordinates"":[107.96,9.98]}}";P130;HOANG_LONG_JOC;16-1-TGT-1X;EXP;16-1-TGT-1X
169;09-2-CANGUVANG-3X;9.85;108.16;"{""type"":""Feature"",""geometry"":{""type"":""Point"",""coordinates"":[108.16,9.85]}}";P51;HOAN_VU_JOC;09-2-CNV-3X;APP;09-2-CNV-3X
17;15-2-RANGDONG-21X;9.98;108.29;"{""type"":""Feature"",""geometry"":{""type"":""Point"",""coordinates"":[108.29,9.98]}}";P110;JVPC;15-2-RD-21X;APP;15-2-RD-21X
170;15-1-SUTUTRANG-2X;10.19;108.34;"{""type"":""Feature"",""geometry"":{""type"":""Point"",""coordinates"":[108.34,10.19]}}";P89;CUU_LONG_JOC;15-1-ST-2X;APP;15-1-ST-2X
171;15-2-RANGDONG-E-03I;9.98;108.29;"{""type"":""Feature"",""geometry"":{""type"":""Point"",""coordinates"":[108.29,9.98]}}";P110;JVPC;15-2-RD-E-03I;INJ;15-2-RD-E-03I
172;15-1-SUTUVANG-5X;10.4;108.39;"{""type"":""Feature"",""geometry"":{""type"":""Point"",""coordinates"":[108.39,10.4]}}";P90;CUU_LONG_JOC;15-1-SV-5X;APP;15-1-SV-5X
173;15-2-RANGDONG-E-03IRD;9.98;108.29;"{""type"":""Feature"",""geometry"":{""type"":""Point"",""coordinates"":[108.29,9.98]}}";P110;JVPC;15-2-RD-E-03IRD;INJ;15-2-RD-E-03IRD
174;15-1-SUTUDEN-14PST;10.44;108.38;"{""type"":""Feature"",""geometry"":{""type"":""Point"",""coordinates"":[108.38,10.44]}}";P87;CUU_LONG_JOC;15-1-SD-14PST;PRO;15-1-SD-14PST
175;15-1-SUTUDEN-13I;10.44;108.38;"{""type"":""Feature"",""geometry"":{""type"":""Point"",""coordinates"":[108.38,10.44]}}";P87;CUU_LONG_JOC;15-1-SD-13I;INJ;15-1-SD-13I
176;15-1-SUTUNAU-1X;10.54;108.38;"{""type"":""Feature"",""geometry"":{""type"":""Point"",""coordinates"":[108.38,10.54]}}";P88;CUU_LONG_JOC;15-1-SN-1X;WIL;15-1-SN-1X
177;15-1-SUTUDEN-16I;10.44;108.38;"{""type"":""Feature"",""geometry"":{""type"":""Point"",""coordinates"":[108.38,10.44]}}";P87;CUU_LONG_JOC;15-1-SD-16I;INJ;15-1-SD-16I
178;RONG-308;9.46;107.96;"{""type"":""Feature"",""geometry"":{""type"":""Point"",""coordinates"":[107.96,9.46]}}";P33;VSP;RP3-308;PRO;09-1-RP03-308
179;15-1-SUTUDEN-5X;10.47;108.44;"{""type"":""Feature"",""geometry"":{""type"":""Point"",""coordinates"":[108.44,10.47]}}";P87;CUU_LONG_JOC;15-1-SD-AX(5X);APP;15-1-SD-5X
18;15-2-DUONGDONG-1X;9.9;108.33;"{""type"":""Feature"",""geometry"":{""type"":""Point"",""coordinates"":[108.33,9.9]}}";P107;JVPC;15-2-DD-1X;EXP;15-2-DD-1X
180;15-1-SUTUDEN-6X;10.47;108.4;"{""type"":""Feature"",""geometry"":{""type"":""Point"",""coordinates"":[108.4,10.47]}}";P87;CUU_LONG_JOC;15-1-SD-6X;APP;15-1-SD-6X
181;15-1-SUTUDEN-12IST;10.44;108.38;"{""type"":""Feature"",""geometry"":{""type"":""Point"",""coordinates"":[108.38,10.44]}}";P87;CUU_LONG_JOC;15-1-SD-12IST;INJ;15-1-SD-12IST
182;RONG-119;9.55;107.83;"{""type"":""Feature"",""geometry"":{""type"":""Point"",""coordinates"":[107.83,9.55]}}";P33;VSP;RP-1-119;PRO;09-1-RP01-119
183;RONG-23;9.46;107.86;"{""type"":""Feature"",""geometry"":{""type"":""Point"",""coordinates"":[107.86,9.46]}}";P33;VSP;RONG-23;EXP;09-1-R-23
184;RONG-306;9.46;107.96;"{""type"":""Feature"",""geometry"":{""type"":""Point"",""coordinates"":[107.96,9.46]}}";P33;VSP;RP3-306;PRO;09-1-RP03-306
185;RONG-301;9.46;107.96;"{""type"":""Feature"",""geometry"":{""type"":""Point"",""coordinates"":[107.96,9.46]}}";P33;VSP;RP3-301;PRO;09-1-RP03-301
186;BACHHO-BK07-7004;9.77;107.99;"{""type"":""Feature"",""geometry"":{""type"":""Point"",""coordinates"":[107.99,9.77]}}";P227;VSP;BK7-7004;PRO;09-1-BH-7004
187;BACHHO-BK09-9007;9.72;107.97;"{""type"":""Feature"",""geometry"":{""type"":""Point"",""coordinates"":[107.97,9.72]}}";P227;VSP;BK9-9007BT;PRO;09-1-BH-9007
188;BACHHO-MSP09-925;9.79;108.01;"{""type"":""Feature"",""geometry"":{""type"":""Point"",""coordinates"":[108.01,9.79]}}";P227;VSP;MSP-9-925BT;PRO;09-1-BH-925
189;RONG-118;9.55;107.83;"{""type"":""Feature"",""geometry"":{""type"":""Point"",""coordinates"":[107.83,9.55]}}";P33;VSP;RP-1-118;PRO;09-1-RP01-118
19;15-2-RANGDONG-E-04I;9.98;108.29;"{""type"":""Feature"",""geometry"":{""type"":""Point"",""coordinates"":[108.29,9.98]}}";P110;JVPC;15-2-RD-E-04I;INJ;15-2-RD-N-04I
190;BACHHO-BK07-7003;9.77;107.99;"{""type"":""Feature"",""geometry"":{""type"":""Point"",""coordinates"":[107.99,9.77]}}";P227;VSP;BK7-7003BT;PRO;09-1-BH-7003
191;BACHHO-MSP07-707;9.83;108.03;"{""type"":""Feature"",""geometry"":{""type"":""Point"",""coordinates"":[108.03,9.83]}}";P227;VSP;MSP-7-707;PRO;09-1-BH-707
192;BACHHO-MSP-11-1118;9.77;108.03;"{""type"":""Feature"",""geometry"":{""type"":""Point"",""coordinates"":[108.03,9.77]}}";P227;VSP;MSP-11-1118BT;PRO;09-1-BH-1118
193;BACHHO-MSP-11-1119;9.77;108.03;"{""type"":""Feature"",""geometry"":{""type"":""Point"",""coordinates"":[108.03,9.77]}}";P227;VSP;MSP-11-1119;PRO;09-1-BH-1119
194;BACHHO-MSP07-710;9.83;108.03;"{""type"":""Feature"",""geometry"":{""type"":""Point"",""coordinates"":[108.03,9.83]}}";P227;VSP;MSP-7-710BT;PRO;09-1-BH-710
195;BACHHO-MSP07-709;9.83;108.03;"{""type"":""Feature"",""geometry"":{""type"":""Point"",""coordinates"":[108.03,9.83]}}";P227;VSP;MSP-7-709BT;PRO;09-1-BH-709
196;BACHHO-MSP02-2002;9.75;107.99;"{""type"":""Feature"",""geometry"":{""type"":""Point"",""coordinates"":[107.99,9.75]}}";P227;VSP;MSP2-2002;PRO;09-1-BH-2002
197;BACHHO-MSP-10-1020;9.8;108.03;"{""type"":""Feature"",""geometry"":{""type"":""Point"",""coordinates"":[108.03,9.8]}}";P227;VSP;MSP-10-1020BT;PRO;09-1-BH-1020
198;02/97-THANGLONG-1X;10.15;108.58;"{""type"":""Feature"",""geometry"":{""type"":""Point"",""coordinates"":[108.58,10.15]}}";P30;LAM_SON_JOC;02/97-TL-1X;EXP;02/97-TL-1X
199;09-3-DOIMOI-1X;9.42;107.79;"{""type"":""Feature"",""geometry"":{""type"":""Point"",""coordinates"":[107.79,9.42]}}";P228;VRJ;09-3-DM-1X;EXP;09-3-DM-1X
2;16-1-TEGIACTRANG-29P;9.88;107.92;"{""type"":""Feature"",""geometry"":{""type"":""Point"",""coordinates"":[107.92,9.88]}}";P130;HOANG_LONG_JOC;TGT-29P;PRO;16-1-TGT-29P
20;15-2-RANGDONG-N-03IST;10.0;108.27;"{""type"":""Feature"",""geometry"":{""type"":""Point"",""coordinates"":[108.27,10]}}";P110;JVPC;15-2-RD-N-03IST;INJ;15-2-RD-N-03IST
200;01-EMERALD-3X;10.35;108.5;"{""type"":""Feature"",""geometry"":{""type"":""Point"",""coordinates"":[108.5,10.35]}}";P7;PCVL;01-EM-3X;APP;01-EM-3X
201;01-TOPAZNORTH-2X;10.42;108.59;"{""type"":""Feature"",""geometry"":{""type"":""Point"",""coordinates"":[108.59,10.42]}}";P13;PCVL;01-TN-2X;APP;01-TN-2X
202;15-2-PHUONGDONG-2X;10.07;108.41;"{""type"":""Feature"",""geometry"":{""type"":""Point"",""coordinates"":[108.41,10.07]}}";P109;JVPC;15-2-PD-2X;APP;15-2-PD-2X
203;15-2-RANGDONG-16X;9.95;108.23;"{""type"":""Feature"",""geometry"":{""type"":""Point"",""coordinates"":[108.23,9.95]}}";P110;JVPC;15-2-RD-16X (S-02I);APP;15-1-RD-16X
204;16-2-BAOVANG-1X;9.57;107.47;"{""type"":""Feature"",""geometry"":{""type"":""Point"",""coordinates"":[107.47,9.57]}}";P229;CONOCO;16-2-BV-1X;EXP;16-2-BV-1X
205;01-AZURITE-1X;10.48;108.45;"{""type"":""Feature"",""geometry"":{""type"":""Point"",""coordinates"":[108.45,10.48]}}";P5;PCVL;01-AZ-1X;EXP;01-AZ-1X
206;15-1-SUTUVANG-3X;10.35;108.32;"{""type"":""Feature"",""geometry"":{""type"":""Point"",""coordinates"":[108.32,10.35]}}";P90;CUU_LONG_JOC;15-1-SV-3X;APP;15-1-SV-3X
207;15-1-SUTUVANG-4X;10.38;108.36;"{""type"":""Feature"",""geometry"":{""type"":""Point"",""coordinates"":[108.36,10.38]}}";P90;CUU_LONG_JOC;15-1-SV-4X;APP;15-1-SV-4X
208;15-2-RANGDONG-E-08P;9.98;108.29;"{""type"":""Feature"",""geometry"":{""type"":""Point"",""coordinates"":[108.29,9.98]}}";P110;JVPC;15-2-RD-E-08P;PRO;15-2-RD-E-08P
209;15-2-RANGDONG-N-6PST;10.0;108.27;"{""type"":""Feature"",""geometry"":{""type"":""Point"",""coordinates"":[108.27,10]}}";P110;JVPC;15-2-RD-N-6PST;PRO;15-2-RD-N-6PST
21;16-2-DOINAU-1X;9.7;107.68;"{""type"":""Feature"",""geometry"":{""type"":""Point"",""coordinates"":[107.68,9.7]}}";P143;PHU_QUOC_POC;DN-1X;EXP;16-2-DN-1X
210;15-1-SUTUDEN-8I;10.44;108.38;"{""type"":""Feature"",""geometry"":{""type"":""Point"",""coordinates"":[108.38,10.44]}}";P87;CUU_LONG_JOC;15-1-SD-8I;INJ;15-1-SD-8I
211;15-1-SUTUDEN-11P;10.44;108.38;"{""type"":""Feature"",""geometry"":{""type"":""Point"",""coordinates"":[108.38,10.44]}}";P87;CUU_LONG_JOC;15-1-SD-11P;PRO;15-1-SD-11P
212;15-1-SUTUDEN-9I;10.44;108.38;"{""type"":""Feature"",""geometry"":{""type"":""Point"",""coordinates"":[108.38,10.44]}}";P87;CUU_LONG_JOC;15-1-SD-9I;INJ;15-1-SD-9I
213;15-1-SUTUDEN-9IST;10.44;108.38;"{""type"":""Feature"",""geometry"":{""type"":""Point"",""coordinates"":[108.38,10.44]}}";P87;CUU_LONG_JOC;15-1-SD-9IST;INJ;15-1-SD-9IST
214;RONG-303;9.46;107.96;"{""type"":""Feature"",""geometry"":{""type"":""Point"",""coordinates"":[107.96,9.46]}}";P33;VSP;RP3-303;PRO;09-1-RP03-303
215;RONG-3001;9.55;107.83;"{""type"":""Feature"",""geometry"":{""type"":""Point"",""coordinates"":[107.83,9.55]}}";P33;VSP;RP1-3001;PRO;09-1-RP01-3001
216;BACHHO-MSP-11-1117;9.77;108.03;"{""type"":""Feature"",""geometry"":{""type"":""Point"",""coordinates"":[108.03,9.77]}}";P227;VSP;MSP-11-1117;PRO;09-1-BH-1117
217;BACHHO-MSP-10-1019;9.8;108.03;"{""type"":""Feature"",""geometry"":{""type"":""Point"",""coordinates"":[108.03,9.8]}}";P227;VSP;MSP-10-1019;PRO;09-1-BH-1019
218;BACHHO-BK07-7002;9.77;107.99;"{""type"":""Feature"",""geometry"":{""type"":""Point"",""coordinates"":[107.99,9.77]}}";P227;VSP;BK7-7002;PRO;09-1-BH-7002
219;BACHHO-BK09-9005;9.72;107.97;"{""type"":""Feature"",""geometry"":{""type"":""Point"",""coordinates"":[107.97,9.72]}}";P227;VSP;BK9-9005;PRO;09-1-BH-9005
22;15-2-RANGDONG-C-10P;9.96;108.26;"{""type"":""Feature"",""geometry"":{""type"":""Point"",""coordinates"":[108.26,9.96]}}";P110;JVPC;15-2-RD-C-10P;PRO;15-2-RD-C-10P
220;BACHHO-BK07-7001;9.77;107.99;"{""type"":""Feature"",""geometry"":{""type"":""Point"",""coordinates"":[107.99,9.77]}}";P227;VSP;BK7-7001;PRO;09-1-BH-7001
221;BACHHO-BK09-9004;9.77;107.99;"{""type"":""Feature"",""geometry"":{""type"":""Point"",""coordinates"":[107.99,9.77]}}";P227;VSP;BK9-9004;PRO;09-1-BH-9004
222;BACHHO-BK07-11;9.78;107.98;"{""type"":""Feature"",""geometry"":{""type"":""Point"",""coordinates"":[107.98,9.78]}}";P33;VSP;BK7-11;APP;09-BH-11
223;BACHHO-MSP-11-1116;9.77;108.03;"{""type"":""Feature"",""geometry"":{""type"":""Point"",""coordinates"":[108.03,9.77]}}";P227;VSP;MSP-11-1116;PRO;09-1-BH-1116
224;BACHHO-MSP-10-1018;9.79;108.02;"{""type"":""Feature"",""geometry"":{""type"":""Point"",""coordinates"":[108.02,9.79]}}";P227;VSP;MSP-10-1018;PRO;09-1-BH-1018
225;BACHHO-MSP07-706;9.83;108.02;"{""type"":""Feature"",""geometry"":{""type"":""Point"",""coordinates"":[108.02,9.83]}}";P227;VSP;MSP-7-706;PRO;09-1-BH-706
226;09-3-SOI-2X;9.54;108.04;"{""type"":""Feature"",""geometry"":{""type"":""Point"",""coordinates"":[108.04,9.54]}}";P57;VRJ;09-3-SOI-2X;APP;09-3-SOI-2X
227;16-1-VOITRANG-2X;9.88;107.55;"{""type"":""Feature"",""geometry"":{""type"":""Point"",""coordinates"":[107.55,9.88]}}";P134;HOANG_LONG_JOC;16-1-VT-2X;APP;16-1-VT-2X
228;09-2-CANGUVANG-2XST;9.87;108.17;"{""type"":""Feature"",""geometry"":{""type"":""Point"",""coordinates"":[108.17,9.87]}}";P51;HOAN_VU_JOC;09-2-CNV-2XST;APP;09-2-CNV-2XST
229;09-2-CANGUVANG-2X;9.87;108.17;"{""type"":""Feature"",""geometry"":{""type"":""Point"",""coordinates"":[108.17,9.87]}}";P51;HOAN_VU_JOC;09-2-CNV-2XA;APP;09-2-CNV-2X
23;15-2-RANGDONG-C-02I;9.96;108.26;"{""type"":""Feature"",""geometry"":{""type"":""Point"",""coordinates"":[108.26,9.96]}}";P110;JVPC;15-2-RD-C-02I;INJ;15-2-RD-C-02I
230;15-1-SUTUDEN-6PST;10.44;108.38;"{""type"":""Feature"",""geometry"":{""type"":""Point"",""coordinates"":[108.38,10.44]}}";P87;CUU_LONG_JOC;15-1-SD-6P&ST;PRO;15-1-SD-6PST
231;09-2-CAONGDOI-1X;9.83;108.28;"{""type"":""Feature"",""geometry"":{""type"":""Point"",""coordinates"":[108.28,9.83]}}";P50;HOAN_VU_JOC;09-2-COD-1X;EXP;09-2-COD-1X
232;15-1-SUTUDEN-7P;10.44;108.38;"{""type"":""Feature"",""geometry"":{""type"":""Point"",""coordinates"":[108.38,10.44]}}";P87;CUU_LONG_JOC;15-1-SD-7P;PRO;15-1-SD-7P
233;16-1-VOIVANG-1X;9.8;107.52;"{""type"":""Feature"",""geometry"":{""type"":""Point"",""coordinates"":[107.52,9.8]}}";P135;HOANG_LONG_JOC;16-1-VV-1X;EXP;16-1-VV-1X
234;15-1-SUTUDEN-2P;10.44;108.38;"{""type"":""Feature"",""geometry"":{""type"":""Point"",""coordinates"":[108.38,10.44]}}";P87;CUU_LONG_JOC;15-1-SD-2P;PRO;15-1-SD-2P
235;15-1-SUTUDEN-5P;10.44;108.38;"{""type"":""Feature"",""geometry"":{""type"":""Point"",""coordinates"":[108.38,10.44]}}";P87;CUU_LONG_JOC;15-1-SD-5P;PRO;15-1-SD-5P
236;15-1-SUTUDEN-4P;10.44;108.38;"{""type"":""Feature"",""geometry"":{""type"":""Point"",""coordinates"":[108.38,10.44]}}";P87;CUU_LONG_JOC;15-1-SD-4P;PRO;15-1-SD-4P
237;15-1-SUTUDEN-3P;10.44;108.38;"{""type"":""Feature"",""geometry"":{""type"":""Point"",""coordinates"":[108.38,10.44]}}";P87;CUU_LONG_JOC;15-1-SD-3P;PRO;15-1-SD-3P
238;15-1-SUTUDEN-1P;10.44;108.38;"{""type"":""Feature"",""geometry"":{""type"":""Point"",""coordinates"":[108.38,10.44]}}";P87;CUU_LONG_JOC;15-1-SD-1P;PRO;15-1-SD-1P
239;15-2-RANGDONG-15X;9.96;108.26;"{""type"":""Feature"",""geometry"":{""type"":""Point"",""coordinates"":[108.26,9.96]}}";P110;JVPC;15-2-RD-15X (C-02P);APP;15-1-RD-15X
24;15-2-RANGDONG-C-08P;9.96;108.26;"{""type"":""Feature"",""geometry"":{""type"":""Point"",""coordinates"":[108.26,9.96]}}";P110;JVPC;15-2-RD-C-08P;PRO;15-2-RD-C-08P
240;15-1-SUTUTRANG-1X;10.21;108.35;"{""type"":""Feature"",""geometry"":{""type"":""Point"",""coordinates"":[108.35,10.21]}}";P89;CUU_LONG_JOC;15-1-ST-1X;EXP;15-1-ST-1X
241;15-2-RANGDONG-14X;9.98;108.29;"{""type"":""Feature"",""geometry"":{""type"":""Point"",""coordinates"":[108.29,9.98]}}";P110;JVPC;15-2-RD-14X (E-09P);APP;15-1-RD-14X
242;RONG-117;9.55;107.83;"{""type"":""Feature"",""geometry"":{""type"":""Point"",""coordinates"":[107.83,9.55]}}";P33;VSP;RP-1-117;PRO;09-1-RP01-117
243;15-2-RANGDONG-S-01I;9.95;108.23;"{""type"":""Feature"",""geometry"":{""type"":""Point"",""coordinates"":[108.23,9.95]}}";P110;JVPC;15-2-RD-S-01I;INJ;15-2-RD-S-01I
244;15-2-RANGDONG-E-02I;9.98;108.29;"{""type"":""Feature"",""geometry"":{""type"":""Point"",""coordinates"":[108.29,9.98]}}";P110;JVPC;15-2-RD-E-02I;INJ;15-2-RD-E-02I
245;15-2-RANGDONG-E-01I;9.98;108.29;"{""type"":""Feature"",""geometry"":{""type"":""Point"",""coordinates"":[108.29,9.98]}}";P110;JVPC;15-2-RD-E-01I;INJ;15-2-RD-E-01I
246;BACHHO-BK09-9003;9.72;107.97;"{""type"":""Feature"",""geometry"":{""type"":""Point"",""coordinates"":[107.97,9.72]}}";P227;VSP;BK9-9003;PRO;09-1-BH-9003
247;BACHHO-MSP05-507;9.82;108.03;"{""type"":""Feature"",""geometry"":{""type"":""Point"",""coordinates"":[108.03,9.82]}}";P227;VSP;MSP-5-507;PRO;09-1-BH-507
248;BACHHO-MSP02-2001;9.83;108.02;"{""type"":""Feature"",""geometry"":{""type"":""Point"",""coordinates"":[108.02,9.83]}}";P227;VSP;MSP2-2001;PRO;09-1-BH-2001
249;BACHHO-MSP-11-1114;9.77;108.03;"{""type"":""Feature"",""geometry"":{""type"":""Point"",""coordinates"":[108.03,9.77]}}";P227;VSP;MSP-11-1114;PRO;09-1-BH-1114
25;15-2-RANGDONG-N-19P;10.0;108.27;"{""type"":""Feature"",""geometry"":{""type"":""Point"",""coordinates"":[108.27,10]}}";P110;JVPC;15-2-RD-N-19P;PRO;15-2-RD-N-19P
250;BACHHO-MSP-10-1017;9.8;108.03;"{""type"":""Feature"",""geometry"":{""type"":""Point"",""coordinates"":[108.03,9.8]}}";P227;VSP;MSP-10-1017;PRO;09-1-BH-1017
251;BACHHO-MSP07-705;9.83;108.02;"{""type"":""Feature"",""geometry"":{""type"":""Point"",""coordinates"":[108.02,9.83]}}";P227;VSP;MSP-7-705;PRO;09-1-BH-705
252;BACHHO-BK09-9002;9.83;108.02;"{""type"":""Feature"",""geometry"":{""type"":""Point"",""coordinates"":[108.02,9.83]}}";P227;VSP;BK9-9002;PRO;09-1-BH-9002
253;BACHHO-BK08-8001;9.83;108.02;"{""type"":""Feature"",""geometry"":{""type"":""Point"",""coordinates"":[108.02,9.83]}}";P227;VSP;BK8-8001;PRO;09-1-BH-8001
254;15-2-RANGDONG-E-03PST;9.98;108.29;"{""type"":""Feature"",""geometry"":{""type"":""Point"",""coordinates"":[108.29,9.98]}}";P110;JVPC;15-2-RD-E-03PST;PRO;15-1-RD-E-03PST
255;15-2-RANGDONG-12PD;10.0;108.27;"{""type"":""Feature"",""geometry"":{""type"":""Point"",""coordinates"":[108.27,10]}}";P110;JVPC;15-2-RD-12PD (N1);PRO;15-1-RD-12PD
256;15-2-RANGDONG-E-05P;9.98;108.29;"{""type"":""Feature"",""geometry"":{""type"":""Point"",""coordinates"":[108.29,9.98]}}";P110;JVPC;15-2-RD-E-05P;PRO;15-1-RD-E-05P
257;15-2-RANGDONG-E-04P;9.98;108.29;"{""type"":""Feature"",""geometry"":{""type"":""Point"",""coordinates"":[108.29,9.98]}}";P110;JVPC;15-2-RD-E-04P;PRO;15-1-RD-E-04P
258;15-2-RANGDONG-E-01P;9.98;108.29;"{""type"":""Feature"",""geometry"":{""type"":""Point"",""coordinates"":[108.29,9.98]}}";P110;JVPC;15-2-RD-E-01P;PRO;15-1-RD-E-01P
259;15-2-RANGDONG-E-03P;9.98;108.29;"{""type"":""Feature"",""geometry"":{""type"":""Point"",""coordinates"":[108.29,9.98]}}";P110;JVPC;15-2-RD-E-03P;PRO;15-1-RD-E-03P
26;15-2-PHUONGDONG-4X;10.07;108.41;"{""type"":""Feature"",""geometry"":{""type"":""Point"",""coordinates"":[108.41,10.07]}}";P109;JVPC;15-2-PD-4X (PD-2P);APP;15-2-PD-4X
260;15-2-RANGDONG-E-02P;9.98;108.29;"{""type"":""Feature"",""geometry"":{""type"":""Point"",""coordinates"":[108.29,9.98]}}";P110;JVPC;15-2-RD-E-02P;PRO;15-1-RD-E-02P
261;15-2-RANGDONG-16P;10.0;108.27;"{""type"":""Feature"",""geometry"":{""type"":""Point"",""coordinates"":[108.27,10]}}";P110;JVPC;15-2-RD-16P (N1);PRO;15-1-RD-16P
262;15-1-SUTUVANG-2X;10.4;108.39;"{""type"":""Feature"",""geometry"":{""type"":""Point"",""coordinates"":[108.39,10.4]}}";P90;CUU_LONG_JOC;15-1-SV-2X;APP;15-1-SV-2X
263;16-1-VOITRANG-1X;9.87;107.55;"{""type"":""Feature"",""geometry"":{""type"":""Point"",""coordinates"":[107.55,9.87]}}";P134;HOANG_LONG_JOC;16-1-VT-1X;EXP;16-1-VT-1X
264;15-2-RANGDONG-13X;9.95;108.23;"{""type"":""Feature"",""geometry"":{""type"":""Point"",""coordinates"":[108.23,9.95]}}";P110;JVPC;15-2-RD-13X (S-04P);APP;15-1-RD-13X
265;16-1-NGUAO-1X;9.83;107.62;"{""type"":""Feature"",""geometry"":{""type"":""Point"",""coordinates"":[107.62,9.83]}}";P123;HOANG_LONG_JOC;16-1-NO-1X;EXP;16-1-NO-1X
266;15-1-SUTUCHUA-1X;10.41;108.36;"{""type"":""Feature"",""geometry"":{""type"":""Point"",""coordinates"":[108.36,10.41]}}";P86;CUU_LONG_JOC;15-1-SC-1X;EXP;15-1-SC-1X
267;15-1-SUTUDEN-4X;10.47;108.44;"{""type"":""Feature"",""geometry"":{""type"":""Point"",""coordinates"":[108.44,10.47]}}";P87;CUU_LONG_JOC;15-1-SD-4X;APP;15-1-SD-4X
268;RONG-110;9.55;107.83;"{""type"":""Feature"",""geometry"":{""type"":""Point"",""coordinates"":[107.83,9.55]}}";P33;VSP;RP-1-110;PRO;09-1-RP01-110
269;09-2-CANGUVANG-1X;9.85;108.16;"{""type"":""Feature"",""geometry"":{""type"":""Point"",""coordinates"":[108.16,9.85]}}";P51;HOAN_VU_JOC;09-2-CNV-1X;EXP;09-2-CNV-1X
27;15-2-RANGDONG-C-05P;9.96;108.26;"{""type"":""Feature"",""geometry"":{""type"":""Point"",""coordinates"":[108.26,9.96]}}";P110;JVPC;15-2-RD-C-05P;PRO;15-2-RD-C-05P
270;RONG-10;9.61;107.9;"{""type"":""Feature"",""geometry"":{""type"":""Point"",""coordinates"":[107.9,9.61]}}";P33;VSP;RONG-10;APP;09-1-R-10
271;BACHHO-BK08-448;9.7;107.99;"{""type"":""Feature"",""geometry"":{""type"":""Point"",""coordinates"":[107.99,9.7]}}";P227;VSP;BK8-448;PRO;09-1-BH-448
272;BACHHO-MSP04-821;9.82;108.02;"{""type"":""Feature"",""geometry"":{""type"":""Point"",""coordinates"":[108.02,9.82]}}";P227;VSP;MSP-4-821;PRO;09-1-BH-821
273;BACHHO-MSP02-414;9.75;107.99;"{""type"":""Feature"",""geometry"":{""type"":""Point"",""coordinates"":[107.99,9.75]}}";P227;VSP;MSP2-414;PRO;09-1-BH-414
274;BACHHO-MSP-11-1113;9.77;108.03;"{""type"":""Feature"",""geometry"":{""type"":""Point"",""coordinates"":[108.03,9.77]}}";P227;VSP;MSP-11-1113;PRO;09-1-BH-1113
275;BACHHO-MSP09-924;9.8;108.0;"{""type"":""Feature"",""geometry"":{""type"":""Point"",""coordinates"":[108,9.8]}}";P227;VSP;MSP-9-924;PRO;09-1-BH-924
276;BACHHO-BK09-9001;9.72;107.97;"{""type"":""Feature"",""geometry"":{""type"":""Point"",""coordinates"":[107.97,9.72]}}";P227;VSP;BK9-9001;PRO;09-1-BH-9001
277;BACHHO-BK08-441;9.7;107.99;"{""type"":""Feature"",""geometry"":{""type"":""Point"",""coordinates"":[107.99,9.7]}}";P227;VSP;BK8-441;PRO;09-1-BH-441
278;BACHHO-MSP02-556;9.75;107.99;"{""type"":""Feature"",""geometry"":{""type"":""Point"",""coordinates"":[107.99,9.75]}}";P227;VSP;MSP2-556;PRO;09-1-BH-556
279;BACHHO-BK09-18;9.72;107.97;"{""type"":""Feature"",""geometry"":{""type"":""Point"",""coordinates"":[107.97,9.72]}}";P227;VSP;BK09-18;EXP;09-1-BH-18
28;15-2-RANGDONG-C-06P;9.96;108.26;"{""type"":""Feature"",""geometry"":{""type"":""Point"",""coordinates"":[108.26,9.96]}}";P110;JVPC;15-2-RD-C-06P;PRO;15-2-RD-C-06P
280;BACHHO-MSP12-16;9.66;107.99;"{""type"":""Feature"",""geometry"":{""type"":""Point"",""coordinates"":[107.99,9.66]}}";P227;VSP;MSP12-16;APP;09-1-BH-16
281;BACHHO-MSP02-418;9.75;107.99;"{""type"":""Feature"",""geometry"":{""type"":""Point"",""coordinates"":[107.99,9.75]}}";P227;VSP;MSP2-418;PRO;09-1-BH-418
282;15-2-RANGDONG-14P;10.0;108.27;"{""type"":""Feature"",""geometry"":{""type"":""Point"",""coordinates"":[108.27,10]}}";P110;JVPC;15-2-RD-14P (N1);PRO;15-1-RD-14P
283;15-2-RANGDONG-9X;9.95;108.23;"{""type"":""Feature"",""geometry"":{""type"":""Point"",""coordinates"":[108.23,9.95]}}";P110;JVPC;15-2-RD-9X;APP;15-1-RD-9X
284;15-2-RANGDONG-15D;10.0;108.27;"{""type"":""Feature"",""geometry"":{""type"":""Point"",""coordinates"":[108.27,10]}}";P110;JVPC;15-2-RD-15P (N1);PRO;15-1-RD-15D
285;16-2-BAOGAM-1X;9.59;107.49;"{""type"":""Feature"",""geometry"":{""type"":""Point"",""coordinates"":[107.49,9.59]}}";P138;CONOCO;16-2-BG-1X;EXP;16-2-BG-1X
286;15-1-SUTUVANG-1X;10.38;108.36;"{""type"":""Feature"",""geometry"":{""type"":""Point"",""coordinates"":[108.36,10.38]}}";P90;CUU_LONG_JOC;15-1-SV-1X;EXP;15-1-SV-1X
287;15-2-RANGDONG-11X;9.95;108.23;"{""type"":""Feature"",""geometry"":{""type"":""Point"",""coordinates"":[108.23,9.95]}}";P110;JVPC;15-2-RD-11X (S-03P);APP;15-1-RD-11X
288;15-2-RANGDONG-12X;9.96;108.26;"{""type"":""Feature"",""geometry"":{""type"":""Point"",""coordinates"":[108.26,9.96]}}";P110;JVPC;15-2-RD-12X (C-01P);APP;15-1-RD-12X
289;15-2-RANGDONG-10X;9.95;108.23;"{""type"":""Feature"",""geometry"":{""type"":""Point"",""coordinates"":[108.23,9.95]}}";P110;JVPC;15-2-RD-10X (S-02P);APP;15-1-RD-10X
29;15-2-RANGDONG-C-07P;9.96;108.26;"{""type"":""Feature"",""geometry"":{""type"":""Point"",""coordinates"":[108.26,9.96]}}";P110;JVPC;15-2-RD-C-07P;PRO;15-2-RD-C-07P
290;15-1-SUTUDEN-2X;10.45;108.37;"{""type"":""Feature"",""geometry"":{""type"":""Point"",""coordinates"":[108.37,10.45]}}";P87;CUU_LONG_JOC;15-1-SD-2X;APP;15-1-SD-2X
291;01-TOPAZNORTH-1X;10.43;108.63;"{""type"":""Feature"",""geometry"":{""type"":""Point"",""coordinates"":[108.63,10.43]}}";P12;PCVL;01-TN-1X;EXP;01-TN-1X
292;15-1-SUTUDEN-3X;10.46;108.41;"{""type"":""Feature"",""geometry"":{""type"":""Point"",""coordinates"":[108.41,10.46]}}";P87;CUU_LONG_JOC;15-1-SD-3X;APP;15-1-SD-3X
293;15-1-SUTUDEN-2XST;10.45;108.37;"{""type"":""Feature"",""geometry"":{""type"":""Point"",""coordinates"":[108.37,10.45]}}";P87;CUU_LONG_JOC;15-1-SD-2X ST;APP;15-1-SD-2XST
294;01-RUBY-12PST2;10.38;108.49;"{""type"":""Feature"",""geometry"":{""type"":""Point"",""coordinates"":[108.49,10.38]}}";P10;PCVL;01-RB-12PST2;PRO;01-RB-12PST2
295;01-RUBY-13P;10.38;108.49;"{""type"":""Feature"",""geometry"":{""type"":""Point"",""coordinates"":[108.49,10.38]}}";P10;PCVL;01-RB-13P;PRO;01-RB-13P
296;BACHHO-MSP02-484;9.75;107.99;"{""type"":""Feature"",""geometry"":{""type"":""Point"",""coordinates"":[107.99,9.75]}}";P227;VSP;MSP2-484;INJ;09-1-BH-484
297;01-EMERALD-2X (P);10.33;108.49;"{""type"":""Feature"",""geometry"":{""type"":""Point"",""coordinates"":[108.49,10.33]}}";P7;PCVL;01-EMERAL-2X;APP;01-EM-12X
298;BACHHO-MSP02-491;9.75;107.99;"{""type"":""Feature"",""geometry"":{""type"":""Point"",""coordinates"":[107.99,9.75]}}";P227;VSP;MSP2-491;PRO;09-1-BH-491
299;BACHHO-MSP09-923;9.82;108.02;"{""type"":""Feature"",""geometry"":{""type"":""Point"",""coordinates"":[108.02,9.82]}}";P227;VSP;MSP-9-923;PRO;09-1-BH-923
3;16-1-TEGIACTRANG-14XST1;9.88;107.92;"{""type"":""Feature"",""geometry"":{""type"":""Point"",""coordinates"":[107.92,9.88]}}";P130;HOANG_LONG_JOC;TGT-14XST1;APP;16-1-TGT-14XST1
30;09-2/09-SONGNGU-1X;9.76;108.33;"{""type"":""Feature"",""geometry"":{""type"":""Point"",""coordinates"":[108.33,9.76]}}";P54;PVEP_POC;SoN-1X;EXP;09-2/09-SoN-1X
300;BACHHO-MSP-11--477;9.77;108.03;"{""type"":""Feature"",""geometry"":{""type"":""Point"",""coordinates"":[108.03,9.77]}}";P227;VSP;MSP-11-477;INJ;09-1-BH-477
301;BACHHO-MSP08-822;9.82;108.01;"{""type"":""Feature"",""geometry"":{""type"":""Point"",""coordinates"":[108.01,9.82]}}";P227;VSP;MSP-8-822;PRO;09-1-BH-822
302;BACHHO-BK08-476;9.7;107.99;"{""type"":""Feature"",""geometry"":{""type"":""Point"",""coordinates"":[107.99,9.7]}}";P227;VSP;BK8-476;PRO;09-1-BH-476
303;BACHHO-MSP-11-1111;9.77;108.03;"{""type"":""Feature"",""geometry"":{""type"":""Point"",""coordinates"":[108.03,9.77]}}";P227;VSP;MSP-11-1111;PRO;09-1-BH-1111
304;BACHHO-MSP-11-1110;9.77;108.03;"{""type"":""Feature"",""geometry"":{""type"":""Point"",""coordinates"":[108.03,9.77]}}";P227;VSP;MSP-11-1110;PRO;09-1-BH-1110
305;BACHHO-MSP02-485;9.75;107.99;"{""type"":""Feature"",""geometry"":{""type"":""Point"",""coordinates"":[107.99,9.75]}}";P227;VSP;MSP2-485;PRO;09-1-BH-485
306;BACHHO-MSP06-101;9.83;108.02;"{""type"":""Feature"",""geometry"":{""type"":""Point"",""coordinates"":[108.02,9.83]}}";P227;VSP;MSP-6-101;PRO;09-1-BH-101
307;BACHHO-BK01-432;9.76;108.0;"{""type"":""Feature"",""geometry"":{""type"":""Point"",""coordinates"":[108,9.76]}}";P227;VSP;BK1-432;PRO;09-1-BH-432
308;17-CHOMCHOM-1X;9.22;107.54;"{""type"":""Feature"",""geometry"":{""type"":""Point"",""coordinates"":[107.54,9.22]}}";P163;VSP;17-CC-1X;EXP;17-CC-1X
309;BACHHO-BK08-460;9.7;107.99;"{""type"":""Feature"",""geometry"":{""type"":""Point"",""coordinates"":[107.99,9.7]}}";P227;VSP;BK8-460;PRO;09-1-BH-460
31;09-2/09-KINHNGUTRANGNAM-5X;9.86;108.39;"{""type"":""Feature"",""geometry"":{""type"":""Point"",""coordinates"":[108.39,9.86]}}";P53;PVEP_POC;KTN-5X;APP;09-2/09-KTN-5X
310;15-1-SUTUDEN-1X;10.45;108.39;"{""type"":""Feature"",""geometry"":{""type"":""Point"",""coordinates"":[108.39,10.45]}}";P87;CUU_LONG_JOC;15-1-SD-1X;EXP;15-1-SD-1X
311;15-2-RANGDONG-11P;10.0;108.27;"{""type"":""Feature"",""geometry"":{""type"":""Point"",""coordinates"":[108.27,10]}}";P110;JVPC;15-2-RD-11P (N1);PRO;15-1-RD-11P
312;15-2-RANGDONG-13P;10.0;108.27;"{""type"":""Feature"",""geometry"":{""type"":""Point"",""coordinates"":[108.27,10]}}";P110;JVPC;15-2-RD-13P (N1);PRO;15-1-RD-13P
313;15-2-RANGDONG-8X;9.95;108.23;"{""type"":""Feature"",""geometry"":{""type"":""Point"",""coordinates"":[108.23,9.95]}}";P110;JVPC;15-2-RD-8X (S-01P);APP;15-1-RD-8X
314;01-RUBY-11P;10.38;108.49;"{""type"":""Feature"",""geometry"":{""type"":""Point"",""coordinates"":[108.49,10.38]}}";P10;PCVL;01-RB-11P;PRO;01-RB-11P
315;RONG-305;9.46;107.96;"{""type"":""Feature"",""geometry"":{""type"":""Point"",""coordinates"":[107.96,9.46]}}";P33;VSP;RC2-305;PRO;09-1-RC02-305
316;01-RUBY-12P;10.38;108.49;"{""type"":""Feature"",""geometry"":{""type"":""Point"",""coordinates"":[108.49,10.38]}}";P10;PCVL;01-RB-12P;PRO;01-RB-12P
317;01-RUBY-12PST1;10.38;108.49;"{""type"":""Feature"",""geometry"":{""type"":""Point"",""coordinates"":[108.49,10.38]}}";P10;PCVL;01-RB-12PST1;PRO;01-RB-12PST1
318;RONG-206;9.46;107.96;"{""type"":""Feature"",""geometry"":{""type"":""Point"",""coordinates"":[107.96,9.46]}}";P33;VSP;RC2-206;PRO;09-1-RC02-206
319;BACHHO-MSP09-921;9.79;108.01;"{""type"":""Feature"",""geometry"":{""type"":""Point"",""coordinates"":[108.01,9.79]}}";P227;VSP;MSP-9-921;INJ;09-1-BH-921
32;15-2-RANGDONG-C-03P;9.96;108.26;"{""type"":""Feature"",""geometry"":{""type"":""Point"",""coordinates"":[108.26,9.96]}}";P110;JVPC;15-2-RD-C-03P;PRO;15-2-RD-C-03P
320;BACHHO-BK08-465;9.7;107.99;"{""type"":""Feature"",""geometry"":{""type"":""Point"",""coordinates"":[107.99,9.7]}}";P227;VSP;BK8-465;INJ;09-1-BH-465
321;RONG-203;9.46;107.96;"{""type"":""Feature"",""geometry"":{""type"":""Point"",""coordinates"":[107.96,9.46]}}";P33;VSP;RC2-203;PRO;09-1-RC02-203
322;BACHHO-MSP-11-1112;9.77;108.03;"{""type"":""Feature"",""geometry"":{""type"":""Point"",""coordinates"":[108.03,9.77]}}";P227;VSP;MSP-11-1112;PRO;09-1-BH-1112
323;BACHHO-MSP-10-1016;9.8;108.03;"{""type"":""Feature"",""geometry"":{""type"":""Point"",""coordinates"":[108.03,9.8]}}";P227;VSP;MSP-10-1016;PRO;09-1-BH-1016
324;BACHHO-MSP-10-1011;9.8;108.03;"{""type"":""Feature"",""geometry"":{""type"":""Point"",""coordinates"":[108.03,9.8]}}";P227;VSP;MSP-10-1011;PRO;09-1-BH-1011
325;BACHHO-MSP09-920;9.79;108.01;"{""type"":""Feature"",""geometry"":{""type"":""Point"",""coordinates"":[108.01,9.79]}}";P227;VSP;MSP-9-920;PRO;09-1-BH-920
326;BACHHO-MSP06-140;9.83;108.02;"{""type"":""Feature"",""geometry"":{""type"":""Point"",""coordinates"":[108.02,9.83]}}";P227;VSP;MSP-6-140;PRO;09-1-BH-140
327;BACHHO-MSP07-704;9.83;108.03;"{""type"":""Feature"",""geometry"":{""type"":""Point"",""coordinates"":[108.03,9.83]}}";P227;VSP;MSP-7-704;PRO;09-1-BH-704
328;BACHHO-BK08-467;9.7;107.99;"{""type"":""Feature"",""geometry"":{""type"":""Point"",""coordinates"":[107.99,9.7]}}";P227;VSP;BK8-467;PRO;09-1-BH-467
329;BACHHO-MSP07-75;9.83;108.03;"{""type"":""Feature"",""geometry"":{""type"":""Point"",""coordinates"":[108.03,9.83]}}";P227;VSP;MSP-7-75;PRO;09-1-BH-75
33;15-2-RANGDONG-C-04P;9.96;108.26;"{""type"":""Feature"",""geometry"":{""type"":""Point"",""coordinates"":[108.26,9.96]}}";P110;JVPC;15-2-RD-C-04P;PRO;15-2-RD-C-04P
330;BACHHO-BK06-479;9.72;107.97;"{""type"":""Feature"",""geometry"":{""type"":""Point"",""coordinates"":[107.97,9.72]}}";P227;VSP;BK6-479;PRO;09-1-BH-479
331;BACHHO-17;9.66;107.99;"{""type"":""Feature"",""geometry"":{""type"":""Point"",""coordinates"":[107.99,9.66]}}";P227;VSP;BH-17;APP;09-1-BH-17
332;BACHHO-MSP-11-1108;9.77;108.03;"{""type"":""Feature"",""geometry"":{""type"":""Point"",""coordinates"":[108.03,9.77]}}";P227;VSP;MSP-11-1108;PRO;09-1-BH-1108
333;BACHHO-BK04-459;9.73;107.99;"{""type"":""Feature"",""geometry"":{""type"":""Point"",""coordinates"":[107.99,9.73]}}";P227;VSP;BK4-459;INJ;09-1-BH-459
334;15-2-RANGDONG-10P;10.0;108.27;"{""type"":""Feature"",""geometry"":{""type"":""Point"",""coordinates"":[108.27,10]}}";P110;JVPC;15-2-RD-10P (N1);PRO;15-1-RD-10P
335;BACHHO-BK06-439;9.74;107.98;"{""type"":""Feature"",""geometry"":{""type"":""Point"",""coordinates"":[107.98,9.74]}}";P227;VSP;BK6-439;PRO;09-1-BH-439
336;15-2-RANGDONG-9P;10.0;108.27;"{""type"":""Feature"",""geometry"":{""type"":""Point"",""coordinates"":[108.27,10]}}";P110;JVPC;15-2-RD-9P (N1);PRO;15-1-RD-9P
337;15-2-VUNGDONG-2X;10.11;107.98;"{""type"":""Feature"",""geometry"":{""type"":""Point"",""coordinates"":[107.98,10.11]}}";P111;JVPC;15-2-VD-2X;APP;15-1-VD-2X
338;01-RUBY-7P;10.38;108.49;"{""type"":""Feature"",""geometry"":{""type"":""Point"",""coordinates"":[108.49,10.38]}}";P10;PCVL;01-RB-7P;PRO;01-RB-7P
339;01-RUBY-9P;10.38;108.49;"{""type"":""Feature"",""geometry"":{""type"":""Point"",""coordinates"":[108.49,10.38]}}";P10;PCVL;01-RB-9P;PRO;01-RB-9P
34;09-2/10-HAICAU-1X-ST1-ST2;9.94;108.11;"{""type"":""Feature"",""geometry"":{""type"":""Point"",""coordinates"":[108.11,9.94]}}";P55;PVEP_POC;HC-1X/ST1/ST2;EXP;09-2/10-HC-1X-ST1-ST2
340;01-RUBY-6P;10.38;108.49;"{""type"":""Feature"",""geometry"":{""type"":""Point"",""coordinates"":[108.49,10.38]}}";P10;PCVL;01-RB-6P;PRO;01-RB-6P
341;01-RUBY-8P;10.38;108.49;"{""type"":""Feature"",""geometry"":{""type"":""Point"",""coordinates"":[108.49,10.38]}}";P10;PCVL;01-RB-8P;PRO;01-RB-8P
342;RONG-5;9.58;107.86;"{""type"":""Feature"",""geometry"":{""type"":""Point"",""coordinates"":[107.86,9.58]}}";P33;VSP;RONG 5-RC2;PRO;09-1-R-5
343;01-RUBY-5PST;10.38;108.49;"{""type"":""Feature"",""geometry"":{""type"":""Point"",""coordinates"":[108.49,10.38]}}";P10;PCVL;01-RB-5PST;PRO;01-RB-5PST
344;01-RUBY-10P;10.38;108.49;"{""type"":""Feature"",""geometry"":{""type"":""Point"",""coordinates"":[108.49,10.38]}}";P10;PCVL;01-RB-10P;PRO;01-RB-10P
345;01-RUBY-5P;10.38;108.49;"{""type"":""Feature"",""geometry"":{""type"":""Point"",""coordinates"":[108.49,10.38]}}";P10;PCVL;01-RB-5P;PRO;01-RB-5P
346;RONG-22;9.46;107.96;"{""type"":""Feature"",""geometry"":{""type"":""Point"",""coordinates"":[107.96,9.46]}}";P33;VSP;RONG 22-RC2;APP;09-1-RC02-22
347;BACHHO-MSP07-76;9.83;108.03;"{""type"":""Feature"",""geometry"":{""type"":""Point"",""coordinates"":[108.03,9.83]}}";P227;VSP;MSP-7-76;PRO;09-1-BH-76
348;BACHHO-MSP02-428;9.75;107.99;"{""type"":""Feature"",""geometry"":{""type"":""Point"",""coordinates"":[107.99,9.75]}}";P227;VSP;MSP-2-428;PRO;09-1-BH-428
349;BACHHO-MSP05-509;9.82;108.03;"{""type"":""Feature"",""geometry"":{""type"":""Point"",""coordinates"":[108.03,9.82]}}";P227;VSP;MSP-5-509;PRO;09-1-BH-509
35;09-2/09-KINHNGUTRANGNAM-4X;9.86;108.39;"{""type"":""Feature"",""geometry"":{""type"":""Point"",""coordinates"":[108.39,9.86]}}";P53;PVEP_POC;KTN-4X;APP;09-2/09-KTN-4X
350;BACHHO-MSP-10-1003;9.8;108.03;"{""type"":""Feature"",""geometry"":{""type"":""Point"",""coordinates"":[108.03,9.8]}}";P227;VSP;MSP-10-1003;INJ;09-1-BH-1003
351;BACHHO-MSP08-819;9.82;108.01;"{""type"":""Feature"",""geometry"":{""type"":""Point"",""coordinates"":[108.01,9.82]}}";P227;VSP;MSP-8-819;PRO;09-1-BH-819
352;BACHHO-MSP-11-474;9.77;108.03;"{""type"":""Feature"",""geometry"":{""type"":""Point"",""coordinates"":[108.03,9.77]}}";P227;VSP;MSP-11-474;PRO;09-1-BH-474
353;BACHHO-MSP09-919;9.79;108.01;"{""type"":""Feature"",""geometry"":{""type"":""Point"",""coordinates"":[108.01,9.79]}}";P227;VSP;MSP-9-919;PRO;09-1-BH-919
354;BACHHO-MSP-10-1107;9.77;108.03;"{""type"":""Feature"",""geometry"":{""type"":""Point"",""coordinates"":[108.03,9.77]}}";P227;VSP;MSP-11-1107;PRO;09-1-BH-1107
355;BACHHO-MSP07-703;9.83;108.03;"{""type"":""Feature"",""geometry"":{""type"":""Point"",""coordinates"":[108.03,9.83]}}";P227;VSP;MSP-7-703;PRO;09-1-BH-703
356;BACHHO-MSP06-120;9.83;108.02;"{""type"":""Feature"",""geometry"":{""type"":""Point"",""coordinates"":[108.02,9.83]}}";P227;VSP;MSP-6-120;PRO;09-1-BH-120
357;BACHHO-BK05-478;9.74;108.0;"{""type"":""Feature"",""geometry"":{""type"":""Point"",""coordinates"":[108,9.74]}}";P227;VSP;BK5-478;PRO;09-1-BH-478
358;BACHHO-BK08-458;9.7;107.99;"{""type"":""Feature"",""geometry"":{""type"":""Point"",""coordinates"":[107.99,9.7]}}";P227;VSP;BK8-458;INJ;09-1-BH-458
359;BACHHO-BK04-447;9.73;107.99;"{""type"":""Feature"",""geometry"":{""type"":""Point"",""coordinates"":[107.99,9.73]}}";P227;VSP;BK4-447;INJ;09-1-BH-447
36;02/10-KINHNGUVANG-4XP;10.21;108.63;"{""type"":""Feature"",""geometry"":{""type"":""Point"",""coordinates"":[108.63,10.21]}}";P226;PVEP_POC;KNV-4XP;EXP;02/10-KNV-4XP
360;BACHHO-BK08-449;9.7;107.99;"{""type"":""Feature"",""geometry"":{""type"":""Point"",""coordinates"":[107.99,9.7]}}";P227;VSP;BK8-449;PRO;09-1-BH-449
361;BACHHO-BK06-443;9.74;107.98;"{""type"":""Feature"",""geometry"":{""type"":""Point"",""coordinates"":[107.98,9.74]}}";P227;VSP;BK6-443;INJ;09-1-BH-443
362;15-2-RANGDONG-8P;10.0;108.27;"{""type"":""Feature"",""geometry"":{""type"":""Point"",""coordinates"":[108.27,10]}}";P110;JVPC;15-2-RD-8P (N1);PRO;15-1-RD-8P
363;15-2-RANGDONG-7X;9.92;108.2;"{""type"":""Feature"",""geometry"":{""type"":""Point"",""coordinates"":[108.2,9.92]}}";P110;JVPC;15-2-RD-7X;APP;15-1-RD-7X
364;15-2-RANGDONG-7P;10.0;108.27;"{""type"":""Feature"",""geometry"":{""type"":""Point"",""coordinates"":[108.27,10]}}";P110;JVPC;15-2-RD-7P (N1);PRO;15-1-RD-7P
365;BACHHO-BK04-462;9.73;107.99;"{""type"":""Feature"",""geometry"":{""type"":""Point"",""coordinates"":[107.99,9.73]}}";P227;VSP;BK4-462;PRO;09-1-BH-462
366;01-RUBY-4P;10.38;108.49;"{""type"":""Feature"",""geometry"":{""type"":""Point"",""coordinates"":[108.49,10.38]}}";P10;PCVL;01-RB-4P;PRO;01-RB-4P
367;15-2-RANGDONG-4PST;10.0;108.27;"{""type"":""Feature"",""geometry"":{""type"":""Point"",""coordinates"":[108.27,10]}}";P110;JVPC;15-2-RD-4PST (N1);PRO;15-1-RD-4PST
368;15-2-RANGDONG-6P;10.0;108.27;"{""type"":""Feature"",""geometry"":{""type"":""Point"",""coordinates"":[108.27,10]}}";P110;JVPC;15-2-RD-6P (N1);PRO;15-1-RD-6P
369;15-2-RANGDONG-5P;10.0;108.27;"{""type"":""Feature"",""geometry"":{""type"":""Point"",""coordinates"":[108.27,10]}}";P110;JVPC;15-2-RD-5P (N1);PRO;15-1-RD-5P
37;02/10-KINHNGUVANG-4XPST;10.21;108.63;"{""type"":""Feature"",""geometry"":{""type"":""Point"",""coordinates"":[108.63,10.21]}}";P226;PVEP_POC;KNV-4XP/ST;EXP;02/10-KNV-4XPST
370;RONG-18;9.54;107.94;"{""type"":""Feature"",""geometry"":{""type"":""Point"",""coordinates"":[107.94,9.54]}}";P33;VSP;RONG-18;APP;09-1-R-18
371;01-RUBY-2P;10.38;108.49;"{""type"":""Feature"",""geometry"":{""type"":""Point"",""coordinates"":[108.49,10.38]}}";P10;PCVL;01-RB-2P;PRO;01-RB-2P
372;01-RUBY-1P;10.38;108.49;"{""type"":""Feature"",""geometry"":{""type"":""Point"",""coordinates"":[108.49,10.38]}}";P10;PCVL;01-RB-1P;PRO;01-RB-1P
373;01-RUBY-3P;10.38;108.49;"{""type"":""Feature"",""geometry"":{""type"":""Point"",""coordinates"":[108.49,10.38]}}";P10;PCVL;01-RB-3P;PRO;01-RB-3P
374;BACHHO-BK01-464;9.76;108.0;"{""type"":""Feature"",""geometry"":{""type"":""Point"",""coordinates"":[108,9.76]}}";P227;VSP;BK1-464;INJ;09-1-BH-464
375;BACHHO-MSP07-700;9.83;108.03;"{""type"":""Feature"",""geometry"":{""type"":""Point"",""coordinates"":[108.03,9.83]}}";P227;VSP;MSP-7-700;INJ;09-1-BH-700
376;BACHHO-MSP09-911;9.79;108.01;"{""type"":""Feature"",""geometry"":{""type"":""Point"",""coordinates"":[108.01,9.79]}}";P227;VSP;MSP-9-911;INJ;09-1-BH-911
377;BACHHO-MSP08-820;9.82;108.01;"{""type"":""Feature"",""geometry"":{""type"":""Point"",""coordinates"":[108.01,9.82]}}";P227;VSP;MSP-8-820;INJ;09-1-BH-820
378;BACHHO-MSP09-917;9.79;108.01;"{""type"":""Feature"",""geometry"":{""type"":""Point"",""coordinates"":[108.01,9.79]}}";P227;VSP;MSP-9-917;PRO;09-1-BH-917
379;BACHHO-MSP-10-1010;9.8;108.03;"{""type"":""Feature"",""geometry"":{""type"":""Point"",""coordinates"":[108.03,9.8]}}";P227;VSP;MSP-10-1010;PRO;09-1-BH-1010
38;02/10-KINHNGUVANG-3X;10.24;108.65;"{""type"":""Feature"",""geometry"":{""type"":""Point"",""coordinates"":[108.65,10.24]}}";P226;PVEP_POC;KNV-3X;APP;02/10-KNV-3X
380;BACHHO-BK01-435;9.76;108.0;"{""type"":""Feature"",""geometry"":{""type"":""Point"",""coordinates"":[108,9.76]}}";P227;VSP;BK1-435;INJ;09-1-BH-435
381;BACHHO-MSP-10-1007;9.8;108.03;"{""type"":""Feature"",""geometry"":{""type"":""Point"",""coordinates"":[108.03,9.8]}}";P227;VSP;MSP-10-1007;PRO;09-1-BH-1007
382;BACHHO-BK06-438;9.74;107.98;"{""type"":""Feature"",""geometry"":{""type"":""Point"",""coordinates"":[107.98,9.74]}}";P227;VSP;BK6-438;PRO;09-1-BH-438
383;BACHHO-BK06-440;9.74;107.98;"{""type"":""Feature"",""geometry"":{""type"":""Point"",""coordinates"":[107.98,9.74]}}";P227;VSP;BK6-440;PRO;09-1-BH-440
384;BACHHO-BK06-436;9.74;107.98;"{""type"":""Feature"",""geometry"":{""type"":""Point"",""coordinates"":[107.98,9.74]}}";P227;VSP;BK6-436;PRO;09-1-BH-436
385;BACHHO-MSP07-702;9.83;108.03;"{""type"":""Feature"",""geometry"":{""type"":""Point"",""coordinates"":[108.03,9.83]}}";P227;VSP;MSP-7-702;PRO;09-1-BH-702
386;BACHHO-BK04-457;9.73;107.99;"{""type"":""Feature"",""geometry"":{""type"":""Point"",""coordinates"":[107.99,9.73]}}";P227;VSP;BK4-457;PRO;09-1-BH-457
387;15-2-RANGDONG-4P;10.0;108.27;"{""type"":""Feature"",""geometry"":{""type"":""Point"",""coordinates"":[108.27,10]}}";P110;JVPC;15.2-RD-4P (N1);PRO;15-2-RD-4P
388;15-2-RANGDONG-6X;9.97;108.28;"{""type"":""Feature"",""geometry"":{""type"":""Point"",""coordinates"":[108.28,9.97]}}";P110;JVPC;15.2-RD-6X;APP;15-2-RD-6X
389;15-2-RANGDONG-6XST;9.97;108.28;"{""type"":""Feature"",""geometry"":{""type"":""Point"",""coordinates"":[108.28,9.97]}}";P110;JVPC;15.2-RD-6XST;APP;15-2-RD-6XST
39;02/97-DONGDO-2P;10.12;108.56;"{""type"":""Feature"",""geometry"":{""type"":""Point"",""coordinates"":[108.56,10.12]}}";P28;LAM_SON_JOC;DD-2P;PRO;02/97-DD-2P
390;15-2-GIODONG-1X;10.14;108.25;"{""type"":""Feature"",""geometry"":{""type"":""Point"",""coordinates"":[108.25,10.14]}}";P108;JVPC;15.2-GD-1X;EXP;15-2-GD-1X
391;15-2-RANGDONG-3P;10.0;108.27;"{""type"":""Feature"",""geometry"":{""type"":""Point"",""coordinates"":[108.27,10]}}";P110;JVPC;15.2-RD-3P (N1);PRO;15-2-RD-3P
392;15-2-RANGDONG-2P;10.0;108.27;"{""type"":""Feature"",""geometry"":{""type"":""Point"",""coordinates"":[108.27,10]}}";P110;JVPC;15.2-RD-2P (N1);PRO;15-2-RD-2P
393;01-TURQUOISE-1;10.51;108.64;"{""type"":""Feature"",""geometry"":{""type"":""Point"",""coordinates"":[108.64,10.51]}}";P14;PCVL;01-CC-1X;EXP;01-CC-1X
394;RONG-16;9.49;107.83;"{""type"":""Feature"",""geometry"":{""type"":""Point"",""coordinates"":[107.83,9.49]}}";P33;VSP;RONG-16;APP;09-1-R-16
395;BACHHO-MSP09-914;9.79;108.01;"{""type"":""Feature"",""geometry"":{""type"":""Point"",""coordinates"":[108.01,9.79]}}";P227;VSP;MSP-9-914;INJ;09-1-BH-914
396;BACHHO-MSP08-817;9.82;108.01;"{""type"":""Feature"",""geometry"":{""type"":""Point"",""coordinates"":[108.01,9.82]}}";P227;VSP;MSP-8-817;PRO;09-1-BH-817
397;BACHHO-MSP09-907;9.79;108.01;"{""type"":""Feature"",""geometry"":{""type"":""Point"",""coordinates"":[108.01,9.79]}}";P227;VSP;MSP-9-907;PRO;09-1-BH-907
398;RONG-201;9.46;107.96;"{""type"":""Feature"",""geometry"":{""type"":""Point"",""coordinates"":[107.96,9.46]}}";P33;VSP;R201;APP;09-1-RC02-201
399;BACHHO-MSP08-816;9.82;108.01;"{""type"":""Feature"",""geometry"":{""type"":""Point"",""coordinates"":[108.01,9.82]}}";P227;VSP;MSP-8-816;PRO;09-1-BH-816
4;16-1-TEGIACTRANG-30P;9.98;107.96;"{""type"":""Feature"",""geometry"":{""type"":""Point"",""coordinates"":[107.96,9.98]}}";P130;HOANG_LONG_JOC;TGT-30P;PRO;16-1-TGT-30P
40;02/97-DONGDO-7P;10.12;108.56;"{""type"":""Feature"",""geometry"":{""type"":""Point"",""coordinates"":[108.56,10.12]}}";P28;LAM_SON_JOC;DD-7P;PRO;02/97-DD-7P
400;BACHHO-MSP06-110;9.83;108.02;"{""type"":""Feature"",""geometry"":{""type"":""Point"",""coordinates"":[108.02,9.83]}}";P227;VSP;MSP-6-110;PRO;09-1-BH-110
401;BACHHO-MSP08-815;9.82;108.01;"{""type"":""Feature"",""geometry"":{""type"":""Point"",""coordinates"":[108.01,9.82]}}";P227;VSP;MSP-8-815;PRO;09-1-BH-815
402;BACHHO-MSP05-503;9.82;108.03;"{""type"":""Feature"",""geometry"":{""type"":""Point"",""coordinates"":[108.03,9.82]}}";P227;VSP;MSP-5-503;PRO;09-1-BH-503
403;BACHHO-MSP06-100;9.83;108.02;"{""type"":""Feature"",""geometry"":{""type"":""Point"",""coordinates"":[108.02,9.83]}}";P227;VSP;MSP-6-100;PRO;09-1-BH-100
404;BACHHO-MSP-11-1102;9.77;108.03;"{""type"":""Feature"",""geometry"":{""type"":""Point"",""coordinates"":[108.03,9.77]}}";P227;VSP;MSP-11-1102;PRO;09-1-BH-1102
405;BACHHO-MSP-10-1013;9.8;108.03;"{""type"":""Feature"",""geometry"":{""type"":""Point"",""coordinates"":[108.03,9.8]}}";P227;VSP;MSP-10-1013;PRO;09-1-BH-1013
406;BACHHO-MSP-10-1002;9.8;108.03;"{""type"":""Feature"",""geometry"":{""type"":""Point"",""coordinates"":[108.03,9.8]}}";P227;VSP;MSP-10-1002;PRO;09-1-BH-1002
407;BACHHO-BK06-437;9.74;107.98;"{""type"":""Feature"",""geometry"":{""type"":""Point"",""coordinates"":[107.98,9.74]}}";P227;VSP;BK6-437;INJ;09-1-BH-437
408;BACHHO-BK05-452;9.74;108.0;"{""type"":""Feature"",""geometry"":{""type"":""Point"",""coordinates"":[108,9.74]}}";P227;VSP;BK5-452;PRO;09-1-BH-452
409;BACHHO-BK05-427;9.74;108.0;"{""type"":""Feature"",""geometry"":{""type"":""Point"",""coordinates"":[108,9.74]}}";P227;VSP;BK5-427;INJ;09-1-BH-427
41;01-DIAMOND-5PST1;10.53;108.48;"{""type"":""Feature"",""geometry"":{""type"":""Point"",""coordinates"":[108.48,10.53]}}";P6;PCVL;DM-5PST1;PRO;01-DM-5PST1
410;BACHHO-BK04-423;9.73;107.99;"{""type"":""Feature"",""geometry"":{""type"":""Point"",""coordinates"":[107.99,9.73]}}";P227;VSP;BK4-423;PRO;09-1-BH-423
411;BACHHO-BK05-426;9.74;108.0;"{""type"":""Feature"",""geometry"":{""type"":""Point"",""coordinates"":[108,9.74]}}";P227;VSP;BK5-426;PRO;09-1-BH-426
412;BACHHO-BK03-412;9.77;108.0;"{""type"":""Feature"",""geometry"":{""type"":""Point"",""coordinates"":[108,9.77]}}";P227;VSP;BK3-412;PRO;09-1-BH-412
413;BACHHO-BK03-450;9.77;108.0;"{""type"":""Feature"",""geometry"":{""type"":""Point"",""coordinates"":[108,9.77]}}";P227;VSP;BK3-450;APP;09-1-BH-450
414;15-2-RANGDONG-5X;9.96;108.24;"{""type"":""Feature"",""geometry"":{""type"":""Point"",""coordinates"":[108.24,9.96]}}";P110;JVPC;15.2-RD-5X;APP;15-2-RD-5X
415;17-VAITHIEU-1X;9.36;107.71;"{""type"":""Feature"",""geometry"":{""type"":""Point"",""coordinates"":[107.71,9.36]}}";P166;EOE;17-VT-1X;EXP;17-VT-1X
416;17-VAITHIEU-1XR;9.36;107.71;"{""type"":""Feature"",""geometry"":{""type"":""Point"",""coordinates"":[107.71,9.36]}}";P166;EOE;17-VT-1XR;EXP;17-VT-1XR
417;BACHHO-BK08-8;9.7;107.99;"{""type"":""Feature"",""geometry"":{""type"":""Point"",""coordinates"":[107.99,9.7]}}";P227;VSP;BH-8;APP;09-1-BH-8
418;15-2-RANGDONG-3X;9.99;108.32;"{""type"":""Feature"",""geometry"":{""type"":""Point"",""coordinates"":[108.32,9.99]}}";P110;JVPC;15.2-RD-3X;APP;15-2-RD-3X
419;15-2-RANGDONG-4X;9.93;108.22;"{""type"":""Feature"",""geometry"":{""type"":""Point"",""coordinates"":[108.22,9.93]}}";P110;JVPC;15.2-RD-4X;APP;15-2-RD-4X
42;02/97-THANGLONG-9XP;10.16;108.58;"{""type"":""Feature"",""geometry"":{""type"":""Point"",""coordinates"":[108.58,10.16]}}";P30;LAM_SON_JOC;TL-9XP;PRO;02/97-TL-9XP
420;15-2-RANGDONG-2X;9.99;108.26;"{""type"":""Feature"",""geometry"":{""type"":""Point"",""coordinates"":[108.26,9.99]}}";P110;JVPC;15.2-RD-2X;APP;15-2-RD-2X
421;15-2-RANGDONG-1P;10.0;108.27;"{""type"":""Feature"",""geometry"":{""type"":""Point"",""coordinates"":[108.27,10]}}";P110;JVPC;15.2-RD-1P (N1);DEV;15-2-RD-1P
422;01-PEARL-1X (F);10.35;108.55;"{""type"":""Feature"",""geometry"":{""type"":""Point"",""coordinates"":[108.55,10.35]}}";P9;PCVL;01-F(Pearl)-1X;EXP;01-F-1X
423;01-RUBY-4X (B);10.36;108.49;"{""type"":""Feature"",""geometry"":{""type"":""Point"",""coordinates"":[108.49,10.36]}}";P10;PCVL;01-RB-4X;APP;01-B-4X
424;01-TOPAZ-1X (R);10.39;108.62;"{""type"":""Feature"",""geometry"":{""type"":""Point"",""coordinates"":[108.62,10.39]}}";P12;PCVL;01-TOPAZ-1X;EXP;01-R-1X
425;01-AGATE-1X;10.86;108.85;"{""type"":""Feature"",""geometry"":{""type"":""Point"",""coordinates"":[108.85,10.86]}}";P1;PCVL;01-AGATE-1X;EXP;01-E-1X
426;01-DIAMOND-1;10.55;108.49;"{""type"":""Feature"",""geometry"":{""type"":""Point"",""coordinates"":[108.49,10.55]}}";P6;PCVL;01-A-1X;EXP;01-A-1X
427;RONG-21;9.46;107.96;"{""type"":""Feature"",""geometry"":{""type"":""Point"",""coordinates"":[107.96,9.46]}}";P33;VSP;RONG-21;APP;09-1-RC02-21
428;RONG-108;9.55;107.83;"{""type"":""Feature"",""geometry"":{""type"":""Point"",""coordinates"":[107.83,9.55]}}";P33;VSP;RP-1-108;PRO;09-1-RP01-108
429;RONG-109;9.55;107.83;"{""type"":""Feature"",""geometry"":{""type"":""Point"",""coordinates"":[107.83,9.55]}}";P33;VSP;RP-1-109;PRO;09-1-RP01-109
43;09-2/09-KINHNGUTRANGNAM-3X;9.86;108.39;"{""type"":""Feature"",""geometry"":{""type"":""Point"",""coordinates"":[108.39,9.86]}}";P53;PVEP_POC;KTN-3X;APP;09-2/09-KTN-3X
430;BACHHO-MSP08-818;9.82;108.01;"{""type"":""Feature"",""geometry"":{""type"":""Point"",""coordinates"":[108.01,9.82]}}";P227;VSP;MSP-8-818;PRO;09-1-BH-818
431;RONG-14;9.46;107.96;"{""type"":""Feature"",""geometry"":{""type"":""Point"",""coordinates"":[107.96,9.46]}}";P33;VSP;RONG-14;APP;09-1-RC02-14
432;BACHHO-MSP09-918;9.79;108.01;"{""type"":""Feature"",""geometry"":{""type"":""Point"",""coordinates"":[108.01,9.79]}}";P227;VSP;MSP-9-918;PRO;09-1-BH-918
433;BACHHO-MSP08-95;9.82;108.01;"{""type"":""Feature"",""geometry"":{""type"":""Point"",""coordinates"":[108.01,9.82]}}";P227;VSP;MSP-8-95;PRO;09-1-BH-95
434;BACHHO-MSP05-508;9.82;108.03;"{""type"":""Feature"",""geometry"":{""type"":""Point"",""coordinates"":[108.03,9.82]}}";P227;VSP;MSP-5-508;PRO;09-1-BH-508
435;BACHHO-MSP-11-446;9.77;108.03;"{""type"":""Feature"",""geometry"":{""type"":""Point"",""coordinates"":[108.03,9.77]}}";P227;VSP;MSP-11-446;PRO;09-1-BH-446
436;BACHHO-MSP05-510;9.82;108.03;"{""type"":""Feature"",""geometry"":{""type"":""Point"",""coordinates"":[108.03,9.82]}}";P227;VSP;MSP-5-510;PRO;09-1-BH-510
437;BACHHO-MSP06-90;9.83;108.02;"{""type"":""Feature"",""geometry"":{""type"":""Point"",""coordinates"":[108.02,9.83]}}";P227;VSP;MSP-6-90;PRO;09-1-BH-90
438;BACHHO-BK06-442;9.74;107.98;"{""type"":""Feature"",""geometry"":{""type"":""Point"",""coordinates"":[107.98,9.74]}}";P227;VSP;BK6-442;PRO;09-1-BH-442
439;BACHHO-MSP-11-1106;9.77;108.03;"{""type"":""Feature"",""geometry"":{""type"":""Point"",""coordinates"":[108.03,9.77]}}";P227;VSP;MSP-11-1106;PRO;09-1-BH-1106
44;09-2/09-KINHNGUTRANGNAM-2X;9.86;108.39;"{""type"":""Feature"",""geometry"":{""type"":""Point"",""coordinates"":[108.39,9.86]}}";P53;PVEP_POC;KTN-2X;APP;09-2/09-KTN-2X
440;BACHHO-MSP-11-445;9.77;108.03;"{""type"":""Feature"",""geometry"":{""type"":""Point"",""coordinates"":[108.03,9.77]}}";P227;VSP;MSP-11-445;PRO;09-1-BH-445
441;BACHHO-MSP-10-1001;9.8;108.03;"{""type"":""Feature"",""geometry"":{""type"":""Point"",""coordinates"":[108.03,9.8]}}";P227;VSP;MSP-10-1001;PRO;09-1-BH-1001
442;BACHHO-BK05-455;9.74;108.0;"{""type"":""Feature"",""geometry"":{""type"":""Point"",""coordinates"":[108,9.74]}}";P227;VSP;BK5-455;INJ;09-1-BH-455
443;BACHHO-BK04-429;9.73;107.99;"{""type"":""Feature"",""geometry"":{""type"":""Point"",""coordinates"":[107.99,9.73]}}";P227;VSP;BK4-429;PRO;09-1-BH-429
444;BACHHO-BK06-431;9.74;107.98;"{""type"":""Feature"",""geometry"":{""type"":""Point"",""coordinates"":[107.98,9.74]}}";P227;VSP;BK6-431;PRO;09-1-BH-431
445;BACHHO-BK05-456;9.74;108.0;"{""type"":""Feature"",""geometry"":{""type"":""Point"",""coordinates"":[108,9.74]}}";P227;VSP;BK5-456;PRO;09-1-BH-456
446;BACHHO-BK04-424;9.73;107.99;"{""type"":""Feature"",""geometry"":{""type"":""Point"",""coordinates"":[107.99,9.73]}}";P227;VSP;BK4-424;INJ;09-1-BH-424
447;BACHHO-BK04-419;9.73;107.99;"{""type"":""Feature"",""geometry"":{""type"":""Point"",""coordinates"":[107.99,9.73]}}";P227;VSP;BK4-419;PRO;09-1-BH-419
448;BACHHO-BK03-413;9.77;108.0;"{""type"":""Feature"",""geometry"":{""type"":""Point"",""coordinates"":[108,9.77]}}";P227;VSP;BK3-413;PRO;09-1-BH-413
449;15-2-PHUONGDONG-1X;10.09;108.42;"{""type"":""Feature"",""geometry"":{""type"":""Point"",""coordinates"":[108.42,10.09]}}";P109;JVPC;15.2-PD-1X;EXP;15-2-PD-1X
45;02/97-THANGLONG-10XP;10.16;108.58;"{""type"":""Feature"",""geometry"":{""type"":""Point"",""coordinates"":[108.58,10.16]}}";P30;LAM_SON_JOC;TL-10XP;APP;02/97-TL-10XP
450;01-RUBY-2X (B);10.36;108.46;"{""type"":""Feature"",""geometry"":{""type"":""Point"",""coordinates"":[108.46,10.36]}}";P10;PCVL;01-RB-2;EXP;01-B-2X
451;01-RUBY-3X (B);10.41;108.52;"{""type"":""Feature"",""geometry"":{""type"":""Point"",""coordinates"":[108.52,10.41]}}";P10;PCVL;01-RB-3;APP;01-B-3X
452;01-EMERALD-1X (P);10.3;108.48;"{""type"":""Feature"",""geometry"":{""type"":""Point"",""coordinates"":[108.48,10.3]}}";P7;PCVL;01-EMERAL-1X;EXP;01-EM-1X
453;01-OPAL-1X (M);9.98;108.55;"{""type"":""Feature"",""geometry"":{""type"":""Point"",""coordinates"":[108.55,9.98]}}";P24;PCVL;02-OPAL-1X;EXP;01-M-1X
454;RONG-105;9.55;107.83;"{""type"":""Feature"",""geometry"":{""type"":""Point"",""coordinates"":[107.83,9.55]}}";P33;VSP;RP-1-105;PRO;09-1-RP01-105
455;RONG-115;9.55;107.83;"{""type"":""Feature"",""geometry"":{""type"":""Point"",""coordinates"":[107.83,9.55]}}";P33;VSP;RP-1-115;PRO;09-1-RP01-115
456;RONG-112;9.55;107.83;"{""type"":""Feature"",""geometry"":{""type"":""Point"",""coordinates"":[107.83,9.55]}}";P33;VSP;RP-1-112;PRO;09-1-RP01-112
457;RONG-107;9.55;107.83;"{""type"":""Feature"",""geometry"":{""type"":""Point"",""coordinates"":[107.83,9.55]}}";P33;VSP;RP-1-107;PRO;09-1-RP01-107
458;BACHHO-MSP08-811;9.82;108.01;"{""type"":""Feature"",""geometry"":{""type"":""Point"",""coordinates"":[108.01,9.82]}}";P227;VSP;MSP-8-811;PRO;09-1-BH-811
459;BACHHO-MSP09-910;9.79;108.01;"{""type"":""Feature"",""geometry"":{""type"":""Point"",""coordinates"":[108.01,9.79]}}";P227;VSP;MSP-9-910;PRO;09-1-BH-910
46;01-DIAMOND-5P;10.53;108.48;"{""type"":""Feature"",""geometry"":{""type"":""Point"",""coordinates"":[108.48,10.53]}}";P6;PCVL;DM-5P;PRO;01-DM-5P
460;BACHHO-MSP09-903;9.79;108.01;"{""type"":""Feature"",""geometry"":{""type"":""Point"",""coordinates"":[108.01,9.79]}}";P227;VSP;MSP-9-903;PRO;09-1-BH-903
461;BACHHO-MSP08-813;9.82;108.01;"{""type"":""Feature"",""geometry"":{""type"":""Point"",""coordinates"":[108.01,9.82]}}";P227;VSP;MSP-8-813;PRO;09-1-BH-813
462;BACHHO-MSP08-806;9.82;108.01;"{""type"":""Feature"",""geometry"":{""type"":""Point"",""coordinates"":[108.01,9.82]}}";P227;VSP;MSP-8-806;PRO;09-1-BH-806
463;BACHHO-MSP06-80;9.83;108.02;"{""type"":""Feature"",""geometry"":{""type"":""Point"",""coordinates"":[108.02,9.83]}}";P227;VSP;MSP-6-80;PRO;09-1-BH-80
464;BACHHO-MSP-10--109;9.8;108.03;"{""type"":""Feature"",""geometry"":{""type"":""Point"",""coordinates"":[108.03,9.8]}}";P227;VSP;MSP-10-109;PRO;09-1-BH--109
465;BACHHO-MSP06-81;9.83;108.02;"{""type"":""Feature"",""geometry"":{""type"":""Point"",""coordinates"":[108.02,9.83]}}";P227;VSP;MSP-6-81;PRO;09-1-BH-81
466;BACHHO-MSP-10-1004;9.8;108.03;"{""type"":""Feature"",""geometry"":{""type"":""Point"",""coordinates"":[108.03,9.8]}}";P227;VSP;MSP-10-1004;INJ;09-1-BH-1004
467;BACHHO-BK05-425;9.74;108.0;"{""type"":""Feature"",""geometry"":{""type"":""Point"",""coordinates"":[108,9.74]}}";P227;VSP;BK5-425;INJ;09-1-BH-425
468;BACHHO-MSP-10-1005;9.8;108.03;"{""type"":""Feature"",""geometry"":{""type"":""Point"",""coordinates"":[108.03,9.8]}}";P227;VSP;MSP-10-1005;PRO;09-1-BH-1005
469;BACHHO-BK05-433;9.74;108.0;"{""type"":""Feature"",""geometry"":{""type"":""Point"",""coordinates"":[108,9.74]}}";P227;VSP;BK5-433;PRO;09-1-BH-433
47;01-DIAMOND-4XP;10.53;108.48;"{""type"":""Feature"",""geometry"":{""type"":""Point"",""coordinates"":[108.48,10.53]}}";P6;PCVL;DM-4XP;PRO;01-DM-4XP
470;BACHHO-BK03-410;9.77;108.0;"{""type"":""Feature"",""geometry"":{""type"":""Point"",""coordinates"":[108,9.77]}}";P227;VSP;BK3-410;PRO;09-1-BH-410
471;BACHHO-BK04-415;9.73;107.99;"{""type"":""Feature"",""geometry"":{""type"":""Point"",""coordinates"":[107.99,9.73]}}";P227;VSP;BK4-415;PRO;09-1-BH-415
472;BACHHO-BK03-407;9.77;108.0;"{""type"":""Feature"",""geometry"":{""type"":""Point"",""coordinates"":[108,9.77]}}";P227;VSP;BK3-407;PRO;09-1-BH-407
473;BACHHO-7;9.66;107.99;"{""type"":""Feature"",""geometry"":{""type"":""Point"",""coordinates"":[107.99,9.66]}}";P227;VSP;BH-7;APP;09-1-BH-7
474;15-2-VUNGDONG-1X;10.09;107.97;"{""type"":""Feature"",""geometry"":{""type"":""Point"",""coordinates"":[107.97,10.09]}}";P111;JVPC;15.2-VD-1X;EXP;15-2-VD-1X
475;01-RUBY-1X;10.39;108.49;"{""type"":""Feature"",""geometry"":{""type"":""Point"",""coordinates"":[108.49,10.39]}}";P10;PCVL;01-RB-1X;EXP;01-RB-1X
476;15-2-RANGDONG-1X;9.99;108.28;"{""type"":""Feature"",""geometry"":{""type"":""Point"",""coordinates"":[108.28,9.99]}}";P110;JVPC;15.2-RD-1X;EXP;15-2-RD-1X
477;15-2-VUNGDONG-1XR;10.09;107.97;"{""type"":""Feature"",""geometry"":{""type"":""Point"",""coordinates"":[107.97,10.09]}}";P111;JVPC;15.2-VD-1XR;EXP;15-2-VD-1XR
478;RONG-116;9.55;107.83;"{""type"":""Feature"",""geometry"":{""type"":""Point"",""coordinates"":[107.83,9.55]}}";P33;VSP;RP-1-116;PRO;09-1-RP01-116
479;RONG-106;9.55;107.83;"{""type"":""Feature"",""geometry"":{""type"":""Point"",""coordinates"":[107.83,9.55]}}";P33;VSP;RP-1-106;PRO;09-1-RP01-106
48;01-DIAMOND-2P;10.53;108.48;"{""type"":""Feature"",""geometry"":{""type"":""Point"",""coordinates"":[108.48,10.53]}}";P6;PCVL;DM-2P;PRO;01-DM-2P
480;RONG-104;9.55;107.83;"{""type"":""Feature"",""geometry"":{""type"":""Point"",""coordinates"":[107.83,9.55]}}";P33;VSP;RP-1-104;PRO;09-1-RP01-104
481;RONG-103;9.55;107.83;"{""type"":""Feature"",""geometry"":{""type"":""Point"",""coordinates"":[107.83,9.55]}}";P33;VSP;RP-1-103;PRO;09-1-RP01-103
482;RONG-11;9.54;107.95;"{""type"":""Feature"",""geometry"":{""type"":""Point"",""coordinates"":[107.95,9.54]}}";P33;VSP;RONG-11;APP;09-1-R-11
483;RONG-102;9.55;107.83;"{""type"":""Feature"",""geometry"":{""type"":""Point"",""coordinates"":[107.83,9.55]}}";P33;VSP;RP-1-102;PRO;09-1-RP01-102
484;RONG-101;9.55;107.83;"{""type"":""Feature"",""geometry"":{""type"":""Point"",""coordinates"":[107.83,9.55]}}";P33;VSP;RP-1-101;PRO;09-1-RP01-101
485;RONG-8;9.61;107.9;"{""type"":""Feature"",""geometry"":{""type"":""Point"",""coordinates"":[107.9,9.61]}}";P33;VSP;RONG-8;APP;09-1-R-8
486;BACHHO-MSP08-805;9.82;108.01;"{""type"":""Feature"",""geometry"":{""type"":""Point"",""coordinates"":[108.01,9.82]}}";P227;VSP;MSP-8-805;PRO;09-1-BH-805
487;BACHHO-MSP09-909;9.79;108.01;"{""type"":""Feature"",""geometry"":{""type"":""Point"",""coordinates"":[108.01,9.79]}}";P227;VSP;MSP-9-909;PRO;09-1-BH-909
488;BACHHO-MSP09-904;9.79;108.01;"{""type"":""Feature"",""geometry"":{""type"":""Point"",""coordinates"":[108.01,9.79]}}";P227;VSP;MSP-9-904;PRO;09-1-BH-904
489;BACHHO-MSP09-902;9.79;108.01;"{""type"":""Feature"",""geometry"":{""type"":""Point"",""coordinates"":[108.01,9.79]}}";P227;VSP;MSP-9-902;PRO;09-1-BH-902
49;01-DIAMOND-3P;10.53;108.48;"{""type"":""Feature"",""geometry"":{""type"":""Point"",""coordinates"":[108.48,10.53]}}";P6;PCVL;DM-3P;PRO;01-DM-3P
490;BACHHO-MSP08-804;9.82;108.01;"{""type"":""Feature"",""geometry"":{""type"":""Point"",""coordinates"":[108.01,9.82]}}";P227;VSP;MSP-8-804;PRO;09-1-BH-804
491;BACHHO-MSP05-506;9.82;108.03;"{""type"":""Feature"",""geometry"":{""type"":""Point"",""coordinates"":[108.03,9.82]}}";P227;VSP;MSP-5-506;INJ;09-1-BH-506
492;BACHHO-MSP-10-1008;9.8;108.03;"{""type"":""Feature"",""geometry"":{""type"":""Point"",""coordinates"":[108.03,9.8]}}";P227;VSP;MSP-10-1008;INJ;09-1-BH-1008
493;BACHHO-MSP-10-1014;9.8;108.03;"{""type"":""Feature"",""geometry"":{""type"":""Point"",""coordinates"":[108.03,9.8]}}";P227;VSP;MSP-10-1014;PRO;09-1-BH-1014
494;BACHHO-BK03-404;9.77;108.0;"{""type"":""Feature"",""geometry"":{""type"":""Point"",""coordinates"":[108,9.77]}}";P227;VSP;BK3-404;PRO;09-1-BH-404
495;BACHHO-BK03-430;9.77;108.0;"{""type"":""Feature"",""geometry"":{""type"":""Point"",""coordinates"":[108,9.77]}}";P227;VSP;BK3-430;PRO;09-1-BH-430
496;02-SAPPHIRE-1X(D);9.83;109.01;"{""type"":""Feature"",""geometry"":{""type"":""Point"",""coordinates"":[109.01,9.83]}}";P27;PCVL;02-D-1X;EXP;02-D-1X
497;02-JADE-1X(C);10.22;108.55;"{""type"":""Feature"",""geometry"":{""type"":""Point"",""coordinates"":[108.55,10.22]}}";P26;PCVL;02-C-1X;EXP;02-C-1X
498;BACHHO-MSP09-901;9.79;108.01;"{""type"":""Feature"",""geometry"":{""type"":""Point"",""coordinates"":[108.01,9.79]}}";P227;VSP;MSP-9-901;PRO;09-1-BH-901
499;RONG-7;9.57;107.9;"{""type"":""Feature"",""geometry"":{""type"":""Point"",""coordinates"":[107.9,9.57]}}";P33;VSP;RONG-7;APP;09-1-R-7
5;16-1-TEGIACTRANG-14XST2;9.88;107.92;"{""type"":""Feature"",""geometry"":{""type"":""Point"",""coordinates"":[107.92,9.88]}}";P130;HOANG_LONG_JOC;TGT-14XST2;APP;16-1-TGT-14XST2
50;02/97-DONGDO-9P;10.16;108.58;"{""type"":""Feature"",""geometry"":{""type"":""Point"",""coordinates"":[108.58,10.16]}}";P28;LAM_SON_JOC;DD-9P;PRO;02/97-DD-9P
500;BACHHO-MSP08-809;9.82;108.01;"{""type"":""Feature"",""geometry"":{""type"":""Point"",""coordinates"":[108.01,9.82]}}";P227;VSP;MSP-8-809;PRO;09-1-BH-809
501;BACHHO-MSP09-905;9.79;108.01;"{""type"":""Feature"",""geometry"":{""type"":""Point"",""coordinates"":[108.01,9.79]}}";P227;VSP;MSP-9-905;PRO;09-1-BH-905
502;BACHHO-MSP05-505;9.82;108.03;"{""type"":""Feature"",""geometry"":{""type"":""Point"",""coordinates"":[108.03,9.82]}}";P227;VSP;MSP-5-505;PRO;09-1-BH-505
503;BACHHO-MSP06-86;9.83;108.02;"{""type"":""Feature"",""geometry"":{""type"":""Point"",""coordinates"":[108.02,9.83]}}";P227;VSP;MSP-6-86;PRO;09-1-BH-86
504;BACHHO-MSP06-74;9.83;108.02;"{""type"":""Feature"",""geometry"":{""type"":""Point"",""coordinates"":[108.02,9.83]}}";P227;VSP;MSP-6-74;PRO;09-1-BH-74
505;BACHHO-MSP06-94;9.83;108.02;"{""type"":""Feature"",""geometry"":{""type"":""Point"",""coordinates"":[108.02,9.83]}}";P227;VSP;MSP-6-94;PRO;09-1-BH-94
506;BACHHO-MSP03-65;9.82;108.02;"{""type"":""Feature"",""geometry"":{""type"":""Point"",""coordinates"":[108.02,9.82]}}";P227;VSP;MSP-3-65;PRO;09-1-BH-65
507;BACHHO-MSP04-88;9.82;108.02;"{""type"":""Feature"",""geometry"":{""type"":""Point"",""coordinates"":[108.02,9.82]}}";P227;VSP;MSP-4-88;APP;09-1-BH-88
508;BACHHO-MSP03-66;9.82;108.02;"{""type"":""Feature"",""geometry"":{""type"":""Point"",""coordinates"":[108.02,9.82]}}";P227;VSP;MSP-3-66;PRO;09-1-BH-66
509;BACHHO-MSP05-504;9.82;108.03;"{""type"":""Feature"",""geometry"":{""type"":""Point"",""coordinates"":[108.03,9.82]}}";P227;VSP;MSP-5-504;PRO;09-1-BH-504
51;02/97-DONGDO-6P;10.12;108.56;"{""type"":""Feature"",""geometry"":{""type"":""Point"",""coordinates"":[108.56,10.12]}}";P28;LAM_SON_JOC;DD-6P;PRO;02/97-DD-6P
510;BACHHO-BK02-409;9.75;107.99;"{""type"":""Feature"",""geometry"":{""type"":""Point"",""coordinates"":[107.99,9.75]}}";P227;VSP;BK2-409;PRO;09-1-BH-409
511;BACHHO-BK03-411;9.77;108.0;"{""type"":""Feature"",""geometry"":{""type"":""Point"",""coordinates"":[108,9.77]}}";P227;VSP;BK3-411;PRO;09-1-BH-411
512;BACHHO-BK02-422;9.75;107.99;"{""type"":""Feature"",""geometry"":{""type"":""Point"",""coordinates"":[107.99,9.75]}}";P227;VSP;BK2-422;PRO;09-1-BH-422
513;BACHHO-BK02-420;9.75;107.99;"{""type"":""Feature"",""geometry"":{""type"":""Point"",""coordinates"":[107.99,9.75]}}";P227;VSP;BK2-420;PRO;09-1-BH-420
514;RONG-6;9.6;107.9;"{""type"":""Feature"",""geometry"":{""type"":""Point"",""coordinates"":[107.9,9.6]}}";P33;VSP;RONG-6;EXP;09-1-R-6
515;BACHHO-MSP08-802;9.82;108.01;"{""type"":""Feature"",""geometry"":{""type"":""Point"",""coordinates"":[108.01,9.82]}}";P227;VSP;MSP-8-802;PRO;09-1-BH-802
516;BACHHO-MSP08-803;9.82;108.01;"{""type"":""Feature"",""geometry"":{""type"":""Point"",""coordinates"":[108.01,9.82]}}";P227;VSP;MSP-8-803;PRO;09-1-BH-803
517;BACHHO-BK03-405;9.77;108.0;"{""type"":""Feature"",""geometry"":{""type"":""Point"",""coordinates"":[108,9.77]}}";P227;VSP;BK3-405;PRO;09-1-BH-405
518;BACHHO-MSP07-708;9.83;108.03;"{""type"":""Feature"",""geometry"":{""type"":""Point"",""coordinates"":[108.03,9.83]}}";P227;VSP;MSP-7-708;PRO;09-1-BH-708
519;BACHHO-MSP06-121;9.83;108.02;"{""type"":""Feature"",""geometry"":{""type"":""Point"",""coordinates"":[108.02,9.83]}}";P227;VSP;MSP-6-121;PRO;09-1-BH-121
52;02/97-DONGDO-3P;10.16;108.58;"{""type"":""Feature"",""geometry"":{""type"":""Point"",""coordinates"":[108.58,10.16]}}";P28;LAM_SON_JOC;DD-3P;PRO;02/97-DD-3P
520;BACHHO-MSP06-602;9.83;108.02;"{""type"":""Feature"",""geometry"":{""type"":""Point"",""coordinates"":[108.02,9.83]}}";P227;VSP;MSP-6-602;PRO;09-1-BH-602
521;BACHHO-MSP08-801;9.82;108.01;"{""type"":""Feature"",""geometry"":{""type"":""Point"",""coordinates"":[108.01,9.82]}}";P227;VSP;MSP-8-801;PRO;09-1-BH-801
522;BACHHO-MSP02-421;9.75;107.99;"{""type"":""Feature"",""geometry"":{""type"":""Point"",""coordinates"":[107.99,9.75]}}";P227;VSP;BK2-421;PRO;09-1-BH-421
523;BACHHO-MSP05-114;9.82;108.03;"{""type"":""Feature"",""geometry"":{""type"":""Point"",""coordinates"":[108.03,9.82]}}";P227;VSP;MSP-5-114;PRO;09-1-BH-114
524;BACHHO-MSP04-67;9.82;108.02;"{""type"":""Feature"",""geometry"":{""type"":""Point"",""coordinates"":[108.02,9.82]}}";P227;VSP;MSP-4-67;PRO;09-1-BH-67
525;BACHHO-MSP01-403;9.77;107.99;"{""type"":""Feature"",""geometry"":{""type"":""Point"",""coordinates"":[107.99,9.77]}}";P227;VSP;MSP-1-403;PRO;09-1-BH-403
526;17-CAM-1X;9.49;107.74;"{""type"":""Feature"",""geometry"":{""type"":""Point"",""coordinates"":[107.74,9.49]}}";P162;EOE;17-C-1X;EXP;17-C-1X
527;RONG-9;9.5;107.78;"{""type"":""Feature"",""geometry"":{""type"":""Point"",""coordinates"":[107.78,9.5]}}";P33;VSP;RONG-9;APP;09-1-R-9
528;17-NHO-1X;9.42;107.71;"{""type"":""Feature"",""geometry"":{""type"":""Point"",""coordinates"":[107.71,9.42]}}";P165;EOE;17-N-1X;EXP;17-N-1X
529;09-SOI-1X;9.52;108.03;"{""type"":""Feature"",""geometry"":{""type"":""Point"",""coordinates"":[108.03,9.52]}}";P57;VSP;09-SOI-1X;EXP;09-SOI-1X
53;09-2-CANGUVANG-7P;9.85;108.16;"{""type"":""Feature"",""geometry"":{""type"":""Point"",""coordinates"":[108.16,9.85]}}";P51;HOAN_VU_JOC;CNV-7P;PRO;09-2-CNV-7P
530;BACHHO-MSP03-193;9.82;108.02;"{""type"":""Feature"",""geometry"":{""type"":""Point"",""coordinates"":[108.02,9.82]}}";P227;VSP;MSP-3-193;PRO;09-1-BH-193
531;BACHHO-BK01-406;9.76;108.0;"{""type"":""Feature"",""geometry"":{""type"":""Point"",""coordinates"":[108,9.76]}}";P227;VSP;BK1-406;PRO;09-1-BH-406
532;BACHHO-BK01-416;9.76;108.0;"{""type"":""Feature"",""geometry"":{""type"":""Point"",""coordinates"":[108,9.76]}}";P227;VSP;BK1-416;PRO;09-1-BH-416
533;BACHHO-BK01-408;9.76;108.0;"{""type"":""Feature"",""geometry"":{""type"":""Point"",""coordinates"":[108,9.76]}}";P227;VSP;BK1-408;PRO;09-1-BH-408
534;BACHHO-MSP06-62;9.83;108.02;"{""type"":""Feature"",""geometry"":{""type"":""Point"",""coordinates"":[108.02,9.83]}}";P227;VSP;MSP-6-62;PRO;09-1-BH-62
535;BACHHO-MSP07-701;9.83;108.03;"{""type"":""Feature"",""geometry"":{""type"":""Point"",""coordinates"":[108.03,9.83]}}";P227;VSP;MSP-7-701;PRO;09-1-BH-701
536;BACHHO-MSP07-715;9.83;108.03;"{""type"":""Feature"",""geometry"":{""type"":""Point"",""coordinates"":[108.03,9.83]}}";P227;VSP;MSP-7-715;PRO;09-1-BH-715
537;BACHHO-MSP07-145;9.83;108.03;"{""type"":""Feature"",""geometry"":{""type"":""Point"",""coordinates"":[108.03,9.83]}}";P227;VSP;MSP-7-145;PRO;09-1-BH-145
538;BACHHO-MSP06-137;9.83;108.02;"{""type"":""Feature"",""geometry"":{""type"":""Point"",""coordinates"":[108.02,9.83]}}";P227;VSP;MSP-6-137;PRO;09-1-BH-137
539;BACHHO-MSP05-104;9.82;108.03;"{""type"":""Feature"",""geometry"":{""type"":""Point"",""coordinates"":[108.03,9.82]}}";P227;VSP;MSP-5-104;PRO;09-1-BH-104
54;02/97-THANGLONG-3P;10.16;108.58;"{""type"":""Feature"",""geometry"":{""type"":""Point"",""coordinates"":[108.58,10.16]}}";P30;LAM_SON_JOC;TL-3P;PRO;02/97-TL-3P
540;BACHHO-MSP05-502;9.82;108.03;"{""type"":""Feature"",""geometry"":{""type"":""Point"",""coordinates"":[108.03,9.82]}}";P227;VSP;MSP-5-502;PRO;09-1-BH-502
541;BACHHO-MSP04-60;9.82;108.02;"{""type"":""Feature"",""geometry"":{""type"":""Point"",""coordinates"":[108.02,9.82]}}";P227;VSP;MSP-4-60;PRO;09-1-BH-60
542;BACHHO-MSP04-810;9.82;108.02;"{""type"":""Feature"",""geometry"":{""type"":""Point"",""coordinates"":[108.02,9.82]}}";P227;VSP;MSP-4-810;PRO;09-1-BH-810
543;RONG-3;9.62;107.92;"{""type"":""Feature"",""geometry"":{""type"":""Point"",""coordinates"":[107.92,9.62]}}";P33;VSP;RONG-3;APP;09-1-R-3
544;BACHHO-MSP06-605;9.83;108.02;"{""type"":""Feature"",""geometry"":{""type"":""Point"",""coordinates"":[108.02,9.83]}}";P227;VSP;MSP-6-605;PRO;09-1-BH-605
545;BACHHO-MSP04-91;9.82;108.02;"{""type"":""Feature"",""geometry"":{""type"":""Point"",""coordinates"":[108.02,9.82]}}";P227;VSP;MSP-4-91;PRO;09-1-BH-91
546;BACHHO-MSP05-109;9.82;108.03;"{""type"":""Feature"",""geometry"":{""type"":""Point"",""coordinates"":[108.03,9.82]}}";P227;VSP;MSP-5-109;PRO;09-1-BH-109
547;BACHHO-MSP05-102;9.82;108.03;"{""type"":""Feature"",""geometry"":{""type"":""Point"",""coordinates"":[108.03,9.82]}}";P227;VSP;MSP-5-102;PRO;09-1-BH-102
548;BACHHO-MSP05-108;9.82;108.03;"{""type"":""Feature"",""geometry"":{""type"":""Point"",""coordinates"":[108.03,9.82]}}";P227;VSP;MSP-5-108;PRO;09-1-BH-108
549;BACHHO-MSP04-908;9.82;108.02;"{""type"":""Feature"",""geometry"":{""type"":""Point"",""coordinates"":[108.02,9.82]}}";P227;VSP;MSP-4-908;PRO;09-1-BH-908
55;02/97-THANGLONG-7P;10.16;108.58;"{""type"":""Feature"",""geometry"":{""type"":""Point"",""coordinates"":[108.58,10.16]}}";P30;LAM_SON_JOC;TL-7P;PRO;02/97-TL-7P
550;BACHHO-MSP03-61;9.82;108.02;"{""type"":""Feature"",""geometry"":{""type"":""Point"",""coordinates"":[108.02,9.82]}}";P227;VSP;MSP-3-61;PRO;09-1-BH-61
551;BACHHO-MSP03-73;9.82;108.02;"{""type"":""Feature"",""geometry"":{""type"":""Point"",""coordinates"":[108.02,9.82]}}";P227;VSP;MSP-3-73;PRO;09-1-BH-73
552;BACHHO-MSP04-84;9.82;108.02;"{""type"":""Feature"",""geometry"":{""type"":""Point"",""coordinates"":[108.02,9.82]}}";P227;VSP;MSP-4-84;OBS;09-1-BH-84
553;BACHHO-MSP03-85;9.82;108.02;"{""type"":""Feature"",""geometry"":{""type"":""Point"",""coordinates"":[108.02,9.82]}}";P227;VSP;MSP-3-85;PRO;09-1-BH-85
554;BACHHO-MSP01-401;9.77;107.99;"{""type"":""Feature"",""geometry"":{""type"":""Point"",""coordinates"":[107.99,9.77]}}";P227;VSP;MSP-1-401;PRO;09-1-BH-401
555;16-BADEN-1;9.7;107.6;"{""type"":""Feature"",""geometry"":{""type"":""Point"",""coordinates"":[107.6,9.7]}}";P120;VSP;16-BADEN-1X;EXP;16-BD-1
556;BACHHO-MSP02-417;9.75;107.99;"{""type"":""Feature"",""geometry"":{""type"":""Point"",""coordinates"":[107.99,9.75]}}";P227;VSP;BK2-417;PRO;09-1-BH-417
557;16-BAVI-1;9.85;107.64;"{""type"":""Feature"",""geometry"":{""type"":""Point"",""coordinates"":[107.64,9.85]}}";P121;VSP;16-BAVI-1X;EXP;16-BV-1
558;BACHHO-MSP05-136;9.83;108.02;"{""type"":""Feature"",""geometry"":{""type"":""Point"",""coordinates"":[108.02,9.83]}}";P227;VSP;MSP-6-136;PRO;09-1-BH-136
559;17-DUDU-1X;9.42;107.31;"{""type"":""Feature"",""geometry"":{""type"":""Point"",""coordinates"":[107.31,9.42]}}";P164;EOE;17-DD-1X;EXP;17-DD-1X
56;02/97-THANGLONG-2P;10.16;108.58;"{""type"":""Feature"",""geometry"":{""type"":""Point"",""coordinates"":[108.58,10.16]}}";P30;LAM_SON_JOC;TL-2P;PRO;02/97-TL-2P
560;BACHHO-MSP05-119;9.83;108.02;"{""type"":""Feature"",""geometry"":{""type"":""Point"",""coordinates"":[108.02,9.83]}}";P227;VSP;MSP-5-119;APP;09-1-BH-119
561;RONG-4;9.58;107.8;"{""type"":""Feature"",""geometry"":{""type"":""Point"",""coordinates"":[107.8,9.58]}}";P33;VSP;RONG-4;APP;09-R-4
562;BACHHO-MSP04-87;9.82;108.02;"{""type"":""Feature"",""geometry"":{""type"":""Point"",""coordinates"":[108.02,9.82]}}";P227;VSP;MSP-4-87;PRO;09-1-BH-87
563;BACHHO-MSP04-93;9.82;108.02;"{""type"":""Feature"",""geometry"":{""type"":""Point"",""coordinates"":[108.02,9.82]}}";P227;VSP;MSP-4-93;PRO;09-1-BH-93
564;BACHHO-MSP05-116;9.82;108.03;"{""type"":""Feature"",""geometry"":{""type"":""Point"",""coordinates"":[108.03,9.82]}}";P227;VSP;MSP-5-116;INJ;09-1-BH-116
565;BACHHO-MSP04-98;9.82;108.02;"{""type"":""Feature"",""geometry"":{""type"":""Point"",""coordinates"":[108.02,9.82]}}";P227;VSP;MSP-4-98;PRO;09-1-BH-98
566;BACHHO-MSP03-71;9.82;108.02;"{""type"":""Feature"",""geometry"":{""type"":""Point"",""coordinates"":[108.02,9.82]}}";P227;VSP;MSP-3-71;OBS;09-1-BH-71
567;BACHHO-MSP03-72;9.82;108.02;"{""type"":""Feature"",""geometry"":{""type"":""Point"",""coordinates"":[108.02,9.82]}}";P227;VSP;MSP-3-72;PRO;09-1-BH-72
568;BACHHO-MSP04-83;9.82;108.02;"{""type"":""Feature"",""geometry"":{""type"":""Point"",""coordinates"":[108.02,9.82]}}";P227;VSP;MSP-4-83;PRO;09-1-BH-83
569;BACHHO-MSP04-82;9.82;108.02;"{""type"":""Feature"",""geometry"":{""type"":""Point"",""coordinates"":[108.02,9.82]}}";P227;VSP;MSP-4-82;PRO;09-1-BH-82
57;02/97-THANGLONG-1P;10.16;108.58;"{""type"":""Feature"",""geometry"":{""type"":""Point"",""coordinates"":[108.58,10.16]}}";P30;LAM_SON_JOC;TL-1P;PRO;02/97-TL-1P
570;BACHHO-MSP03-68;9.82;108.02;"{""type"":""Feature"",""geometry"":{""type"":""Point"",""coordinates"":[108.02,9.82]}}";P227;VSP;MSP-3-68;PRO;09-1-BH-68
571;BACHHO-MSP03-69;9.82;108.02;"{""type"":""Feature"",""geometry"":{""type"":""Point"",""coordinates"":[108.02,9.82]}}";P227;VSP;MSP-3-69;PRO;09-1-BH-69
572;BACHHO-MSP01-45;9.77;107.99;"{""type"":""Feature"",""geometry"":{""type"":""Point"",""coordinates"":[107.99,9.77]}}";P227;VSP;MSP-1-45;PRO;09-1-BH-45
573;BACHHO-MSP03-107;9.82;108.02;"{""type"":""Feature"",""geometry"":{""type"":""Point"",""coordinates"":[108.02,9.82]}}";P227;VSP;MSP-3-107;INJ;09-1-BH-107
574;BACHHO-MSP01-37;9.77;107.99;"{""type"":""Feature"",""geometry"":{""type"":""Point"",""coordinates"":[107.99,9.77]}}";P227;VSP;MSP-1-37;INJ;09-1-BH-37
575;BACHHO-MSP01-43;9.77;107.99;"{""type"":""Feature"",""geometry"":{""type"":""Point"",""coordinates"":[107.99,9.77]}}";P227;VSP;MSP-1-43;PRO;09-1-BH-43
576;BACHHO-MSP01-42;9.77;107.99;"{""type"":""Feature"",""geometry"":{""type"":""Point"",""coordinates"":[107.99,9.77]}}";P227;VSP;MSP-1-42;PRO;09-1-BH-42
577;BACHHO-MSP01-44;9.77;107.99;"{""type"":""Feature"",""geometry"":{""type"":""Point"",""coordinates"":[107.99,9.77]}}";P227;VSP;MSP-1-44;PRO;09-1-BH-44
578;RONG-2;9.47;107.83;"{""type"":""Feature"",""geometry"":{""type"":""Point"",""coordinates"":[107.83,9.47]}}";P33;VSP;RONG-2;APP;09-R-2
579;BACHHO-MSP05-117;9.82;108.03;"{""type"":""Feature"",""geometry"":{""type"":""Point"",""coordinates"":[108.03,9.82]}}";P227;VSP;MSP-5-117;PRO;09-1-BH-117
58;02/97-THANGLONG-8P;10.16;108.58;"{""type"":""Feature"",""geometry"":{""type"":""Point"",""coordinates"":[108.58,10.16]}}";P30;LAM_SON_JOC;TL-8P;PRO;02/97-TL-8P
580;BACHHO-15;9.68;107.99;"{""type"":""Feature"",""geometry"":{""type"":""Point"",""coordinates"":[107.99,9.68]}}";P227;VSP;BH-15;APP;09-1-BH-15
581;BACHHO-12;9.78;108.03;"{""type"":""Feature"",""geometry"":{""type"":""Point"",""coordinates"":[108.03,9.78]}}";P227;VSP;BH-12;APP;09-1-BH-12
582;BACHHO-MSP04-130;9.82;108.02;"{""type"":""Feature"",""geometry"":{""type"":""Point"",""coordinates"":[108.02,9.82]}}";P227;VSP;MSP-4-130;PRO;09-1-BH-130
583;BACHHO-MSP04-202;9.82;108.02;"{""type"":""Feature"",""geometry"":{""type"":""Point"",""coordinates"":[108.02,9.82]}}";P227;VSP;MSP-4-202;INJ;09-1-BH-202
584;BACHHO-MSP04-89;9.82;108.02;"{""type"":""Feature"",""geometry"":{""type"":""Point"",""coordinates"":[108.02,9.82]}}";P227;VSP;MSP-4-89;PRO;09-1-BH-89
585;BACHHO-MSP03-79;9.82;108.02;"{""type"":""Feature"",""geometry"":{""type"":""Point"",""coordinates"":[108.02,9.82]}}";P227;VSP;MSP-3-79;PRO;09-1-BH-79
586;BACHHO-MSP03-64;9.82;108.02;"{""type"":""Feature"",""geometry"":{""type"":""Point"",""coordinates"":[108.02,9.82]}}";P227;VSP;MSP-3-64;PRO;09-1-BH-64
587;BACHHO-MSP03-14;9.82;108.02;"{""type"":""Feature"",""geometry"":{""type"":""Point"",""coordinates"":[108.02,9.82]}}";P227;VSP;MSP-3-14;INJ;09-1-BH-14
588;BACHHO-MSP03-70;9.82;108.02;"{""type"":""Feature"",""geometry"":{""type"":""Point"",""coordinates"":[108.02,9.82]}}";P227;VSP;MSP-3-70;OBS;09-1-BH-70
589;BACHHO-MSP01-46;9.77;107.99;"{""type"":""Feature"",""geometry"":{""type"":""Point"",""coordinates"":[107.99,9.77]}}";P227;VSP;MSP-1-46;PRO;09-1-BH-46
59;02/97-THANGLONG-4P;10.16;108.58;"{""type"":""Feature"",""geometry"":{""type"":""Point"",""coordinates"":[108.58,10.16]}}";P30;LAM_SON_JOC;TL-4P;PRO;02/97-TL-4P
590;BACHHO-MSP01-41;9.77;107.99;"{""type"":""Feature"",""geometry"":{""type"":""Point"",""coordinates"":[107.99,9.77]}}";P227;VSP;MSP-1-41;OBS;09-1-BH-41
591;BACHHO-MSP01-35;9.77;107.99;"{""type"":""Feature"",""geometry"":{""type"":""Point"",""coordinates"":[107.99,9.77]}}";P227;VSP;MSP-1-35;PRO;09-1-BH-35
592;BACHHO-MSP01-36;9.77;107.99;"{""type"":""Feature"",""geometry"":{""type"":""Point"",""coordinates"":[107.99,9.77]}}";P227;VSP;MSP-1-36;OBS;09-1-BH-36
593;BACHHO-MSP01-38;9.77;107.99;"{""type"":""Feature"",""geometry"":{""type"":""Point"",""coordinates"":[107.99,9.77]}}";P227;VSP;MSP-1-38;PRO;09-1-BH-38
594;BACHHO-MSP01-21;9.77;107.99;"{""type"":""Feature"",""geometry"":{""type"":""Point"",""coordinates"":[107.99,9.77]}}";P227;VSP;MSP-1-21;INJ;09-1-BH-21
595;BACHHO-MSP01-30;9.77;107.99;"{""type"":""Feature"",""geometry"":{""type"":""Point"",""coordinates"":[107.99,9.77]}}";P227;VSP;MSP-1-30;PRO;09-1-BH-30
596;BACHHO-9;9.81;108.06;"{""type"":""Feature"",""geometry"":{""type"":""Point"",""coordinates"":[108.06,9.81]}}";P227;VSP;BH-9;APP;09-1-BH-9
597;BACHHO-6;9.8;108.01;"{""type"":""Feature"",""geometry"":{""type"":""Point"",""coordinates"":[108.01,9.8]}}";P227;VSP;BH-6;APP;09-1-BH-6
598;BACHHO-MSP03-63;9.82;108.02;"{""type"":""Feature"",""geometry"":{""type"":""Point"",""coordinates"":[108.02,9.82]}}";P227;VSP;MSP-3-63;APP;09-1-BH-63
599;BACHHO-MSP01-28;9.77;107.99;"{""type"":""Feature"",""geometry"":{""type"":""Point"",""coordinates"":[107.99,9.77]}}";P227;VSP;MSP-1-28;PRO;09-1-BH-28
6;15-1/05-LACDAVANG-4X;10.29;108.21;"{""type"":""Feature"",""geometry"":{""type"":""Point"",""coordinates"":[108.21,10.29]}}";P95;PVEP_POC;LDV-4X;APP;15-1/05-LDV-4X
60;02/97-THANGLONG-5P;10.16;108.58;"{""type"":""Feature"",""geometry"":{""type"":""Point"",""coordinates"":[108.58,10.16]}}";P30;LAM_SON_JOC;TL-5P;PRO;02/97-TL-5P
600;BACHHO-10;9.85;108.03;"{""type"":""Feature"",""geometry"":{""type"":""Point"",""coordinates"":[108.03,9.85]}}";P227;VSP;BH-10;APP;09-1-BH-10
601;BACHHO-MSP03-13;9.82;108.02;"{""type"":""Feature"",""geometry"":{""type"":""Point"",""coordinates"":[108.02,9.82]}}";P227;VSP;MSP-3-13;PRO;09-1-BH-13
602;BACHHO-MSP01-27;9.77;107.99;"{""type"":""Feature"",""geometry"":{""type"":""Point"",""coordinates"":[107.99,9.77]}}";P227;VSP;MSP-1-27;PRO;09-1-BH-27
603;BACHHO-MSP01-24;9.77;107.99;"{""type"":""Feature"",""geometry"":{""type"":""Point"",""coordinates"":[107.99,9.77]}}";P227;VSP;MSP-1-24;PRO;09-1-BH-24
604;BACHHO-MSP01-1;9.77;107.99;"{""type"":""Feature"",""geometry"":{""type"":""Point"",""coordinates"":[107.99,9.77]}}";P227;VSP;MSP-1-1;PRO;09-1-BH-1
605;BACHHO-MSP01-22;9.77;107.99;"{""type"":""Feature"",""geometry"":{""type"":""Point"",""coordinates"":[107.99,9.77]}}";P227;VSP;MSP-1-22;INJ;09-1-BH-22
606;BACHHO-4;9.82;108.02;"{""type"":""Feature"",""geometry"":{""type"":""Point"",""coordinates"":[108.02,9.82]}}";P227;VSP;BH-4;APP;09-1-BH-4
607;BACHHO-3;9.76;108.01;"{""type"":""Feature"",""geometry"":{""type"":""Point"",""coordinates"":[108.01,9.76]}}";P227;VSP;BH-3;APP;09-1-BH-3
608;RONG-1;9.52;107.81;"{""type"":""Feature"",""geometry"":{""type"":""Point"",""coordinates"":[107.81,9.52]}}";P33;VSP;RONG-1;EXP;09-R-1
609;BACHHO-5;9.74;107.99;"{""type"":""Feature"",""geometry"":{""type"":""Point"",""coordinates"":[107.99,9.74]}}";P227;VSP;BH-5;APP;09-1-BH-5
61;09-2/09-KINHNGUTRANGNAM-1X;9.86;108.39;"{""type"":""Feature"",""geometry"":{""type"":""Point"",""coordinates"":[108.39,9.86]}}";P53;PVEP_POC;KTN-1X;EXP;09-2/09-KTN-1X
62;02/10-KINHNGUVANG-2X;10.21;108.63;"{""type"":""Feature"",""geometry"":{""type"":""Point"",""coordinates"":[108.63,10.21]}}";P226;PVEP_POC;KNV-2X;APP;02/10-KNV-2X
63;02/10-KINHNGUVANG-1X;10.21;108.63;"{""type"":""Feature"",""geometry"":{""type"":""Point"",""coordinates"":[108.63,10.21]}}";P226;PVEP_POC;KNV-1X;EXP;02/10-KNV-1X
64;01-RUBYA-7P-ST1;10.38;108.49;"{""type"":""Feature"",""geometry"":{""type"":""Point"",""coordinates"":[108.49,10.38]}}";P10;PCVL;RBA-7P-ST1;PRO;01-RBA-7P-ST1
65;01-RUBYB-15P;10.4;108.51;"{""type"":""Feature"",""geometry"":{""type"":""Point"",""coordinates"":[108.51,10.4]}}";P10;PCVL;RBB-15P;PRO;01-RBB-15P
66;09-2/09-KINHNGUTRANG-3X;9.9;108.36;"{""type"":""Feature"",""geometry"":{""type"":""Point"",""coordinates"":[108.36,9.9]}}";P52;PVEP_POC;KNT-3X;APP;09-2/09-KNT-3X
67;01/10-HOXAM-2X;10.66;108.51;"{""type"":""Feature"",""geometry"":{""type"":""Point"",""coordinates"":[108.51,10.66]}}";P16;PVEP_POC;HX-2X;EXP;01/10-HX-2X
68;09-2/09-KINHNGUTRANG-2X;9.9;108.36;"{""type"":""Feature"",""geometry"":{""type"":""Point"",""coordinates"":[108.36,9.9]}}";P52;PVEP_POC;KNT-2X;EXP;09-2/09-KNT-2X
69;01-RUBYA-14XP-ST3;10.38;108.49;"{""type"":""Feature"",""geometry"":{""type"":""Point"",""coordinates"":[108.49,10.38]}}";P10;PCVL;RBA-14XP-ST3;PRO;01-RBA-14XP-ST3
7;16-1-TEGIACTRANG-14X;9.88;107.92;"{""type"":""Feature"",""geometry"":{""type"":""Point"",""coordinates"":[107.92,9.88]}}";P130;HOANG_LONG_JOC;TGT-14X;APP;16-1-TGT-14X
70;01-RUBYA-12P ST4;10.38;108.49;"{""type"":""Feature"",""geometry"":{""type"":""Point"",""coordinates"":[108.49,10.38]}}";P10;PCVL;RBA-12P ST4;PRO;01-RBA-12P ST4
71;01-DIAMOND-4X;10.53;108.48;"{""type"":""Feature"",""geometry"":{""type"":""Point"",""coordinates"":[108.48,10.53]}}";P6;PCVL;Diamond-4X;APP;01-DM-4X
72;01-RUBYA-10P ST1;10.38;108.49;"{""type"":""Feature"",""geometry"":{""type"":""Point"",""coordinates"":[108.49,10.38]}}";P10;PCVL;RBA-10P ST1;PRO;01-RBA-10P ST1
73;09-3-DOIMOI-3X (WO);9.42;107.79;"{""type"":""Feature"",""geometry"":{""type"":""Point"",""coordinates"":[107.79,9.42]}}";P228;VRJ;DM-3X (WO);WO;09-3-DM-3X (WO)
74;02/97-DONGDO-3X;10.12;108.56;"{""type"":""Feature"",""geometry"":{""type"":""Point"",""coordinates"":[108.56,10.12]}}";P28;LAM_SON_JOC;DD-3X;APP;02/97-DD-3X
75;09-2/09-KINHNGUTRANG-1X;9.89;108.33;"{""type"":""Feature"",""geometry"":{""type"":""Point"",""coordinates"":[108.33,9.89]}}";P52;HONG_LONG_POC;KNT-1X;EXP;09-2/09-KNT-1X
76;01-AZURITE-3X;10.48;108.46;"{""type"":""Feature"",""geometry"":{""type"":""Point"",""coordinates"":[108.46,10.48]}}";P5;PCVL;Azurite-3X;APP;01-AZ-3X
77;09-3-DOIMOI-3X (KN);9.42;107.79;"{""type"":""Feature"",""geometry"":{""type"":""Point"",""coordinates"":[107.79,9.42]}}";P228;VRJ;DM-3X (KN);CON;09-3-DM-3X (KN)
78;09-2-CANGUVANG-6PST1;9.85;108.16;"{""type"":""Feature"",""geometry"":{""type"":""Point"",""coordinates"":[108.16,9.85]}}";P51;HOAN_VU_JOC;CNV-6P-ST1;INJ;09-2-CNV-6PST1
79;01-RUBYA-6PST1-WO1;10.38;108.49;"{""type"":""Feature"",""geometry"":{""type"":""Point"",""coordinates"":[108.49,10.38]}}";P10;PCVL;RBA-6P ST1 WO#1;WO;01-RBA-6PST1-WO1
8;15-1-SUTUTRANG-6P;10.21;108.35;"{""type"":""Feature"",""geometry"":{""type"":""Point"",""coordinates"":[108.35,10.21]}}";P89;CUU_LONG_JOC;ST-6P;PRO;15-1-ST-6P
80;01-PEARL-3P;10.35;108.55;"{""type"":""Feature"",""geometry"":{""type"":""Point"",""coordinates"":[108.55,10.35]}}";P9;PCVL;Pearl-3P;PRO;01-Pearl-3P
81;01-PEARL-2P;10.35;108.55;"{""type"":""Feature"",""geometry"":{""type"":""Point"",""coordinates"":[108.55,10.35]}}";P9;PCVL;Pearl-2P;PRO;01-Pearl-2P
82;01-TOPAZ-1P;10.45;108.63;"{""type"":""Feature"",""geometry"":{""type"":""Point"",""coordinates"":[108.63,10.45]}}";P12;PCVL;Topaz-1P;PRO;01-TOPAZ-1P
83;09-2-CANGUVANG-3P (WO);9.85;108.16;"{""type"":""Feature"",""geometry"":{""type"":""Point"",""coordinates"":[108.16,9.85]}}";P51;HOAN_VU_JOC;CNV-3P (WO);WO;09-2-CNV-3P (WO)
84;01-TOPAZ-2P;10.45;108.63;"{""type"":""Feature"",""geometry"":{""type"":""Point"",""coordinates"":[108.63,10.45]}}";P12;PCVL;Topaz-2P;PRO;01-TOPAZ-2P
85;01-PEARL-1P;10.35;108.55;"{""type"":""Feature"",""geometry"":{""type"":""Point"",""coordinates"":[108.55,10.35]}}";P9;PCVL;Pearl-1P;PRO;01-Pearl-1P
86;09-2-CANGUVANG-6P;9.85;108.16;"{""type"":""Feature"",""geometry"":{""type"":""Point"",""coordinates"":[108.16,9.85]}}";P51;HOAN_VU_JOC;CNV-6P;PRO;09-2-CNV-6P
87;09-2-CANGUVANG-5P;9.85;108.16;"{""type"":""Feature"",""geometry"":{""type"":""Point"",""coordinates"":[108.16,9.85]}}";P51;HOAN_VU_JOC;CNV-5P;PRO;09-2-CNV-5P
88;01-RUBYB-11P;10.4;108.51;"{""type"":""Feature"",""geometry"":{""type"":""Point"",""coordinates"":[108.51,10.4]}}";P10;PCVL;RBB-11P;PRO;01-RBB-11P
89;02-JADE-4X;10.18;108.47;"{""type"":""Feature"",""geometry"":{""type"":""Point"",""coordinates"":[108.47,10.18]}}";P26;PCVL;JADE-4X;EXP;02-JAD-4X
9;15-1-SUTUNAUSOUTH-6P;10.55;108.4;"{""type"":""Feature"",""geometry"":{""type"":""Point"",""coordinates"":[108.4,10.55]}}";P249;CUU_LONG_JOC;SNS-6P;PRO;15-1-SNS-6P
90;02/97-THANGLONG-3X;10.16;108.57;"{""type"":""Feature"",""geometry"":{""type"":""Point"",""coordinates"":[108.57,10.16]}}";P30;LAM_SON_JOC;02/97-TL-3X;APP;02/97-TL-3X
91;01-RUBYB-10P;10.4;108.51;"{""type"":""Feature"",""geometry"":{""type"":""Point"",""coordinates"":[108.51,10.4]}}";P10;PCVL;RBB-10P;PRO;01-RBB-10P
92;01-RUBYB-3P (WO);10.4;108.51;"{""type"":""Feature"",""geometry"":{""type"":""Point"",""coordinates"":[108.51,10.4]}}";P10;PCVL;RBB-3P(WO);WO;01-RBB-3P (WO)
93;01-RUBYB-13P;10.4;108.51;"{""type"":""Feature"",""geometry"":{""type"":""Point"",""coordinates"":[108.51,10.4]}}";P10;PCVL;RBB-13P;PRO;01-RBB-13P
94;01/97-HODEN-1XST;10.68;108.56;"{""type"":""Feature"",""geometry"":{""type"":""Point"",""coordinates"":[108.56,10.68]}}";P18;LAM_SON_JOC;01/97-HD-1XST;EXP;01/97-HD-1XST
95;01/97-HOXAMSOUTH-1X;10.6;108.45;"{""type"":""Feature"",""geometry"":{""type"":""Point"",""coordinates"":[108.45,10.6]}}";P17;LAM_SON_JOC;01/97-HXS-1X;EXP;01/97-HXS-1X
96;02-JADE-3X;10.17;108.5;"{""type"":""Feature"",""geometry"":{""type"":""Point"",""coordinates"":[108.5,10.17]}}";P26;PCVL;JADE-3X;APP;02-JAD-3X
97;01-AZURITE-2X;10.47;108.45;"{""type"":""Feature"",""geometry"":{""type"":""Point"",""coordinates"":[108.45,10.47]}}";P5;PCVL;Azurite 2X;APP;01-AZ-2X
98;01/97-HODEN-1X;10.68;108.56;"{""type"":""Feature"",""geometry"":{""type"":""Point"",""coordinates"":[108.56,10.68]}}";P18;LAM_SON_JOC;01/97-HD-1X;EXP;01/97-HD-1X
99;09-2-CANGUVANG-3P;9.85;108.16;"{""type"":""Feature"",""geometry"":{""type"":""Point"",""coordinates"":[108.16,9.85]}}";P51;HOAN_VU_JOC;09-2-CNV-3P;PRO;09-2-CNV-3P
